Park,Year,Month,Temp,Lat,Lng,Visits
Acadia National Park,2009,1,21.501818181818184,44.3385559,-68.27333459999998,9366
Acadia National Park,2009,2,28.77,44.3385559,-68.27333459999998,9751
Acadia National Park,2009,3,32.956,44.3385559,-68.27333459999998,19258
Acadia National Park,2009,4,45.278,44.3385559,-68.27333459999998,59277
Acadia National Park,2009,5,54.89727272727273,44.3385559,-68.27333459999998,129885
Acadia National Park,2009,6,59.15,44.3385559,-68.27333459999998,244780
Acadia National Park,2009,7,62.653999999999996,44.3385559,-68.27333459999998,457622
Acadia National Park,2009,8,68.203,44.3385559,-68.27333459999998,586446
Acadia National Park,2009,9,59.403,44.3385559,-68.27333459999998,399789
Acadia National Park,2009,10,48.86727272727274,44.3385559,-68.27333459999998,258007
Acadia National Park,2009,11,46.557,44.3385559,-68.27333459999998,44042
Acadia National Park,2009,12,31.283,44.3385559,-68.27333459999998,9475
Acadia National Park,2010,1,25.784,44.3385559,-68.27333459999998,10510
Acadia National Park,2010,2,30.44100000000001,44.3385559,-68.27333459999998,13398
Acadia National Park,2010,3,40.68,44.3385559,-68.27333459999998,26080
Acadia National Park,2010,4,49.76600000000001,44.3385559,-68.27333459999998,57992
Acadia National Park,2010,5,58.117,44.3385559,-68.27333459999998,169898
Acadia National Park,2010,6,63.31100000000001,44.3385559,-68.27333459999998,286635
Acadia National Park,2010,7,69.31090909090909,44.3385559,-68.27333459999998,545382
Acadia National Park,2010,8,69.67200000000001,44.3385559,-68.27333459999998,627918
Acadia National Park,2010,9,62.88099999999999,44.3385559,-68.27333459999998,431001
Acadia National Park,2010,10,54.11600000000001,44.3385559,-68.27333459999998,289114
Acadia National Park,2010,11,41.287,44.3385559,-68.27333459999998,36736
Acadia National Park,2010,12,30.59727272727273,44.3385559,-68.27333459999998,9544
Acadia National Park,2011,1,24.576,44.3385559,-68.27333459999998,10428
Acadia National Park,2011,2,28.72666666666667,44.3385559,-68.27333459999998,9533
Acadia National Park,2011,3,34.33727272727273,44.3385559,-68.27333459999998,19510
Acadia National Park,2011,4,46.31699999999999,44.3385559,-68.27333459999998,58307
Acadia National Park,2011,5,53.547,44.3385559,-68.27333459999998,132720
Acadia National Park,2011,6,58.63,44.3385559,-68.27333459999998,297222
Acadia National Park,2011,7,70.249,44.3385559,-68.27333459999998,559892
Acadia National Park,2011,8,66.33090909090909,44.3385559,-68.27333459999998,583153
Acadia National Park,2011,9,64.15299999999999,44.3385559,-68.27333459999998,387868
Acadia National Park,2011,10,52.176,44.3385559,-68.27333459999998,270477
Acadia National Park,2011,11,46.33200000000001,44.3385559,-68.27333459999998,34192
Acadia National Park,2011,12,32.21300000000001,44.3385559,-68.27333459999998,11343
Acadia National Park,2012,1,28.925454545454546,44.3385559,-68.27333459999998,11930
Acadia National Park,2012,2,31.54000000000001,44.3385559,-68.27333459999998,12388
Acadia National Park,2012,3,40.27090909090909,44.3385559,-68.27333459999998,22684
Acadia National Park,2012,4,47.21300000000001,44.3385559,-68.27333459999998,59471
Acadia National Park,2012,5,56.54600000000001,44.3385559,-68.27333459999998,157406
Acadia National Park,2012,6,62.24100000000001,44.3385559,-68.27333459999998,309198
Acadia National Park,2012,7,69.97200000000001,44.3385559,-68.27333459999998,539234
Acadia National Park,2012,8,69.68454545454546,44.3385559,-68.27333459999998,574307
Acadia National Park,2012,9,61.203,44.3385559,-68.27333459999998,391810
Acadia National Park,2012,10,56.362,44.3385559,-68.27333459999998,302932
Acadia National Park,2012,11,40.657,44.3385559,-68.27333459999998,38385
Acadia National Park,2012,12,35.415000000000006,44.3385559,-68.27333459999998,11307
Acadia National Park,2013,1,28.321818181818177,44.3385559,-68.27333459999998,11249
Acadia National Park,2013,2,29.33777777777778,44.3385559,-68.27333459999998,9869
Acadia National Park,2013,3,37.037,44.3385559,-68.27333459999998,20631
Acadia National Park,2013,4,44.999,44.3385559,-68.27333459999998,47090
Acadia National Park,2013,5,56.04636363636364,44.3385559,-68.27333459999998,133653
Acadia National Park,2013,6,62.868,44.3385559,-68.27333459999998,315791
Acadia National Park,2013,7,72.65899999999998,44.3385559,-68.27333459999998,555308
Acadia National Park,2013,8,66.59599999999999,44.3385559,-68.27333459999998,617306
Acadia National Park,2013,9,63.584,44.3385559,-68.27333459999998,400400
Acadia National Park,2013,10,55.34727272727273,44.3385559,-68.27333459999998,94904
Acadia National Park,2013,11,39.819,44.3385559,-68.27333459999998,41181
Acadia National Park,2013,12,27.704,44.3385559,-68.27333459999998,7540
Acadia National Park,2014,1,25.366999999999997,44.3385559,-68.27333459999998,10459
Acadia National Park,2014,2,26.463,44.3385559,-68.27333459999998,10258
Acadia National Park,2014,3,29.438,44.3385559,-68.27333459999998,17502
Acadia National Park,2014,4,44.208999999999996,44.3385559,-68.27333459999998,57211
Acadia National Park,2014,5,56.298,44.3385559,-68.27333459999998,153013
Acadia National Park,2014,6,64.345,44.3385559,-68.27333459999998,338845
Acadia National Park,2014,7,68.71818181818183,44.3385559,-68.27333459999998,561073
Acadia National Park,2014,8,68.158,44.3385559,-68.27333459999998,638152
Acadia National Park,2014,9,61.983000000000004,44.3385559,-68.27333459999998,418173
Acadia National Park,2014,10,54.411000000000016,44.3385559,-68.27333459999998,313920
Acadia National Park,2014,11,39.077,44.3385559,-68.27333459999998,31013
Acadia National Park,2014,12,36.00727272727273,44.3385559,-68.27333459999998,13510
Acadia National Park,2015,1,23.966999999999995,44.3385559,-68.27333459999998,12578
Acadia National Park,2015,2,14.846666666666668,44.3385559,-68.27333459999998,10626
Acadia National Park,2015,3,31.25090909090909,44.3385559,-68.27333459999998,18062
Acadia National Park,2015,4,44.64,44.3385559,-68.27333459999998,63214
Acadia National Park,2015,5,58.56499999999998,44.3385559,-68.27333459999998,187205
Acadia National Park,2015,6,58.854000000000006,44.3385559,-68.27333459999998,359661
Acadia National Park,2015,7,69.79100000000001,44.3385559,-68.27333459999998,606597
Acadia National Park,2015,8,71.1,44.3385559,-68.27333459999998,666767
Acadia National Park,2015,9,68.91,44.3385559,-68.27333459999998,479320
Acadia National Park,2015,10,49.902,44.3385559,-68.27333459999998,344362
Acadia National Park,2015,11,43.34599999999999,44.3385559,-68.27333459999998,48912
Acadia National Park,2015,12,37.876,44.3385559,-68.27333459999998,13880
Acadia National Park,2016,1,29.011818181818185,44.3385559,-68.27333459999998,17204
Acadia National Park,2016,2,28.35777777777778,44.3385559,-68.27333459999998,16530
Acadia National Park,2016,3,38.15818181818181,44.3385559,-68.27333459999998,28121
Acadia National Park,2016,4,45.93999999999999,44.3385559,-68.27333459999998,94199
Acadia National Park,2016,5,55.227,44.3385559,-68.27333459999998,217147
Acadia National Park,2016,6,62.449,44.3385559,-68.27333459999998,445410
Acadia National Park,2016,7,70.25800000000001,44.3385559,-68.27333459999998,696854
Acadia National Park,2016,8,70.4718181818182,44.3385559,-68.27333459999998,735945
Acadia National Park,2016,9,64.81099999999999,44.3385559,-68.27333459999998,570434
Acadia National Park,2016,10,53.165,44.3385559,-68.27333459999998,412416
Acadia National Park,2016,11,46.74,44.3385559,-68.27333459999998,55022
Acadia National Park,2016,12,32.785,44.3385559,-68.27333459999998,14111
Acadia National Park,2017,1,31.683636363636364,44.3385559,-68.27333459999998,15520
Acadia National Park,2017,2,30.42444444444445,44.3385559,-68.27333459999998,14342
Acadia National Park,2017,3,30.643,44.3385559,-68.27333459999998,20936
Acadia National Park,2017,4,45.041000000000004,44.3385559,-68.27333459999998,85267
Acadia National Park,2017,5,54.34545454545454,44.3385559,-68.27333459999998,222978
Acadia National Park,2017,6,63.655,44.3385559,-68.27333459999998,476191
Acadia National Park,2017,7,69.12,44.3385559,-68.27333459999998,743529
Acadia National Park,2017,8,70.27000000000001,44.3385559,-68.27333459999998,762436
Acadia National Park,2017,9,65.663,44.3385559,-68.27333459999998,595388
Acadia National Park,2017,10,59.03,44.3385559,-68.27333459999998,507594
Acadia National Park,2017,11,42.447,44.3385559,-68.27333459999998,53006
Acadia National Park,2017,12,26.076,44.3385559,-68.27333459999998,12084
Acadia National Park,2018,1,25.885,44.3385559,-68.27333459999998,11974
Acadia National Park,2018,2,34.297999999999995,44.3385559,-68.27333459999998,12167
Acadia National Park,2018,3,36.343,44.3385559,-68.27333459999998,23756
Acadia National Park,2018,4,42.263999999999996,44.3385559,-68.27333459999998,72858
Acadia National Park,2018,5,64.193,44.3385559,-68.27333459999998,249050
Acadia National Park,2018,6,64.87500000000001,44.3385559,-68.27333459999998,499163
Acadia National Park,2018,7,75.35000000000002,44.3385559,-68.27333459999998,759165
Acadia National Park,2018,8,74.69699999999997,44.3385559,-68.27333459999998,767219
Acadia National Park,2018,9,66.61000000000001,44.3385559,-68.27333459999998,600397
Acadia National Park,2018,10,49.74500000000001,44.3385559,-68.27333459999998,488204
Acadia National Park,2018,11,38.07100000000001,44.3385559,-68.27333459999998,40930
Acadia National Park,2018,12,31.49,44.3385559,-68.27333459999998,12692
Glacier National Park,2009,1,27.72636363636364,48.7596128,-113.7870225,9800
Glacier National Park,2009,2,32.84333333333333,48.7596128,-113.7870225,11642
Glacier National Park,2009,3,30.335000000000008,48.7596128,-113.7870225,10647
Glacier National Park,2009,4,43.98899999999999,48.7596128,-113.7870225,21805
Glacier National Park,2009,5,53.88272727272727,48.7596128,-113.7870225,102993
Glacier National Park,2009,6,61.93899999999999,48.7596128,-113.7870225,327572
Glacier National Park,2009,7,70.73300000000002,48.7596128,-113.7870225,603681
Glacier National Park,2009,8,68.99699999999999,48.7596128,-113.7870225,541997
Glacier National Park,2009,9,68.807,48.7596128,-113.7870225,325257
Glacier National Park,2009,10,35.694545454545455,48.7596128,-113.7870225,49525
Glacier National Park,2009,11,34.33399999999999,48.7596128,-113.7870225,15801
Glacier National Park,2009,12,16.901,48.7596128,-113.7870225,10628
Glacier National Park,2010,1,29.664,48.7596128,-113.7870225,10005
Glacier National Park,2010,2,34.761,48.7596128,-113.7870225,10811
Glacier National Park,2010,3,42.03999999999999,48.7596128,-113.7870225,14646
Glacier National Park,2010,4,45.555,48.7596128,-113.7870225,24111
Glacier National Park,2010,5,48.338,48.7596128,-113.7870225,106316
Glacier National Park,2010,6,58.96400000000001,48.7596128,-113.7870225,337120
Glacier National Park,2010,7,68.11090909090909,48.7596128,-113.7870225,673359
Glacier National Park,2010,8,67.75500000000001,48.7596128,-113.7870225,632971
Glacier National Park,2010,9,53.589,48.7596128,-113.7870225,300275
Glacier National Park,2010,10,49.99800000000001,48.7596128,-113.7870225,66155
Glacier National Park,2010,11,28.715999999999998,48.7596128,-113.7870225,13541
Glacier National Park,2010,12,26.175454545454546,48.7596128,-113.7870225,10738
Glacier National Park,2011,1,25.325,48.7596128,-113.7870225,10887
Glacier National Park,2011,2,20.97555555555556,48.7596128,-113.7870225,10911
Glacier National Park,2011,3,31.66,48.7596128,-113.7870225,12243
Glacier National Park,2011,4,39.238,48.7596128,-113.7870225,15747
Glacier National Park,2011,5,49.981,48.7596128,-113.7870225,92755
Glacier National Park,2011,6,56.914,48.7596128,-113.7870225,266283
Glacier National Park,2011,7,68.285,48.7596128,-113.7870225,512494
Glacier National Park,2011,8,73.8718181818182,48.7596128,-113.7870225,532718
Glacier National Park,2011,9,68.54799999999999,48.7596128,-113.7870225,320813
Glacier National Park,2011,10,46.444,48.7596128,-113.7870225,54356
Glacier National Park,2011,11,33.09,48.7596128,-113.7870225,13797
Glacier National Park,2011,12,28.403000000000002,48.7596128,-113.7870225,10560
Glacier National Park,2012,1,24.25818181818181,48.7596128,-113.7870225,10318
Glacier National Park,2012,2,29.55,48.7596128,-113.7870225,10194
Glacier National Park,2012,3,38.57818181818182,48.7596128,-113.7870225,12416
Glacier National Park,2012,4,45.713,48.7596128,-113.7870225,32085
Glacier National Park,2012,5,53.07899999999999,48.7596128,-113.7870225,112055
Glacier National Park,2012,6,56.993,48.7596128,-113.7870225,313713
Glacier National Park,2012,7,74.23899999999998,48.7596128,-113.7870225,630093
Glacier National Park,2012,8,76.85363636363638,48.7596128,-113.7870225,604039
Glacier National Park,2012,9,66.47,48.7596128,-113.7870225,356975
Glacier National Park,2012,10,42.30999999999999,48.7596128,-113.7870225,54127
Glacier National Park,2012,11,36.438,48.7596128,-113.7870225,16158
Glacier National Park,2012,12,26.194000000000006,48.7596128,-113.7870225,9862
Glacier National Park,2013,1,28.50454545454545,48.7596128,-113.7870225,10836
Glacier National Park,2013,2,30.77,48.7596128,-113.7870225,11388
Glacier National Park,2013,3,35.44099999999999,48.7596128,-113.7870225,15758
Glacier National Park,2013,4,42.50100000000001,48.7596128,-113.7870225,20922
Glacier National Park,2013,5,53.33,48.7596128,-113.7870225,108998
Glacier National Park,2013,6,63.633,48.7596128,-113.7870225,343560
Glacier National Park,2013,7,75.123,48.7596128,-113.7870225,645514
Glacier National Park,2013,8,71.54399999999998,48.7596128,-113.7870225,626556
Glacier National Park,2013,9,63.44199999999999,48.7596128,-113.7870225,355471
Glacier National Park,2013,10,43.20363636363636,48.7596128,-113.7870225,25965
Glacier National Park,2013,11,33.438,48.7596128,-113.7870225,14924
Glacier National Park,2013,12,22.109,48.7596128,-113.7870225,10482
Glacier National Park,2014,1,29.436,48.7596128,-113.7870225,12111
Glacier National Park,2014,2,17.585,48.7596128,-113.7870225,10242
Glacier National Park,2014,3,30.19,48.7596128,-113.7870225,13214
Glacier National Park,2014,4,44.98700000000001,48.7596128,-113.7870225,28667
Glacier National Park,2014,5,54.786,48.7596128,-113.7870225,112187
Glacier National Park,2014,6,59.516999999999996,48.7596128,-113.7870225,334074
Glacier National Park,2014,7,75.05909090909091,48.7596128,-113.7870225,699650
Glacier National Park,2014,8,69.104,48.7596128,-113.7870225,675119
Glacier National Park,2014,9,60.972,48.7596128,-113.7870225,353497
Glacier National Park,2014,10,50.7,48.7596128,-113.7870225,72694
Glacier National Park,2014,11,30.4,48.7596128,-113.7870225,15706
Glacier National Park,2014,12,27.51636363636363,48.7596128,-113.7870225,11367
Glacier National Park,2015,1,28.611,48.7596128,-113.7870225,12087
Glacier National Park,2015,2,34.205555555555556,48.7596128,-113.7870225,14530
Glacier National Park,2015,3,41.39181818181819,48.7596128,-113.7870225,18139
Glacier National Park,2015,4,47.06699999999999,48.7596128,-113.7870225,48270
Glacier National Park,2015,5,55.508,48.7596128,-113.7870225,134741
Glacier National Park,2015,6,70.325,48.7596128,-113.7870225,414671
Glacier National Park,2015,7,69.03900000000002,48.7596128,-113.7870225,689064
Glacier National Park,2015,8,74.83727272727273,48.7596128,-113.7870225,579007
Glacier National Park,2015,9,59.137,48.7596128,-113.7870225,351388
Glacier National Park,2015,10,51.437,48.7596128,-113.7870225,71297
Glacier National Park,2015,11,33.262,48.7596128,-113.7870225,19505
Glacier National Park,2015,12,26.51,48.7596128,-113.7870225,13357
Glacier National Park,2016,1,28.93,48.7596128,-113.7870225,15674
Glacier National Park,2016,2,36.367777777777775,48.7596128,-113.7870225,16548
Glacier National Park,2016,3,37.550909090909094,48.7596128,-113.7870225,21257
Glacier National Park,2016,4,52.84500000000001,48.7596128,-113.7870225,55125
Glacier National Park,2016,5,51.755,48.7596128,-113.7870225,183925
Glacier National Park,2016,6,64.65,48.7596128,-113.7870225,485017
Glacier National Park,2016,7,66.566,48.7596128,-113.7870225,818481
Glacier National Park,2016,8,67.32545454545453,48.7596128,-113.7870225,748565
Glacier National Park,2016,9,55.30200000000001,48.7596128,-113.7870225,482592
Glacier National Park,2016,10,44.99900000000001,48.7596128,-113.7870225,75797
Glacier National Park,2016,11,42.60600000000001,48.7596128,-113.7870225,30823
Glacier National Park,2016,12,15.448999999999998,48.7596128,-113.7870225,12877
Glacier National Park,2017,1,20.45090909090909,48.7596128,-113.7870225,14690
Glacier National Park,2017,2,26.182222222222233,48.7596128,-113.7870225,13802
Glacier National Park,2017,3,35.98900000000001,48.7596128,-113.7870225,19336
Glacier National Park,2017,4,43.78100000000001,48.7596128,-113.7870225,38323
Glacier National Park,2017,5,56.87363636363637,48.7596128,-113.7870225,177787
Glacier National Park,2017,6,65.533,48.7596128,-113.7870225,620962
Glacier National Park,2017,7,79.62899999999998,48.7596128,-113.7870225,1009665
Glacier National Park,2017,8,71.73100000000002,48.7596128,-113.7870225,908479
Glacier National Park,2017,9,60.67999999999999,48.7596128,-113.7870225,389137
Glacier National Park,2017,10,44.89818181818182,48.7596128,-113.7870225,84469
Glacier National Park,2017,11,29.912,48.7596128,-113.7870225,15594
Glacier National Park,2017,12,22.198,48.7596128,-113.7870225,13268
Glacier National Park,2018,1,30.11000000000001,48.7596128,-113.7870225,12222
Glacier National Park,2018,2,22.205,48.7596128,-113.7870225,11847
Glacier National Park,2018,3,35.012,48.7596128,-113.7870225,21758
Glacier National Park,2018,4,41.304,48.7596128,-113.7870225,28404
Glacier National Park,2018,5,59.67499999999999,48.7596128,-113.7870225,195116
Glacier National Park,2018,6,58.646,48.7596128,-113.7870225,556304
Glacier National Park,2018,7,73.36090909090909,48.7596128,-113.7870225,905959
Glacier National Park,2018,8,70.508,48.7596128,-113.7870225,667688
Glacier National Park,2018,9,56.33999999999999,48.7596128,-113.7870225,434600
Glacier National Park,2018,10,45.89222222222222,48.7596128,-113.7870225,91973
Glacier National Park,2018,11,33.626000000000005,48.7596128,-113.7870225,20657
Glacier National Park,2018,12,26.29363636363637,48.7596128,-113.7870225,18781
Grand Canyon National Park,2009,1,58.17090909090909,36.1069652,-112.1129972,135463
Grand Canyon National Park,2009,2,55.87555555555557,36.1069652,-112.1129972,132865
Grand Canyon National Park,2009,3,65.48899999999999,36.1069652,-112.1129972,310717
Grand Canyon National Park,2009,4,66.639,36.1069652,-112.1129972,393469
Grand Canyon National Park,2009,5,82.61636363636362,36.1069652,-112.1129972,432940
Grand Canyon National Park,2009,6,84.406,36.1069652,-112.1129972,529833
Grand Canyon National Park,2009,7,96.138,36.1069652,-112.1129972,658993
Grand Canyon National Park,2009,8,94.15299999999999,36.1069652,-112.1129972,600442
Grand Canyon National Park,2009,9,85.84599999999998,36.1069652,-112.1129972,425737
Grand Canyon National Park,2009,10,69.89727272727272,36.1069652,-112.1129972,352207
Grand Canyon National Park,2009,11,65.41,36.1069652,-112.1129972,214355
Grand Canyon National Park,2009,12,48.072,36.1069652,-112.1129972,161047
Grand Canyon National Park,2010,1,54.242,36.1069652,-112.1129972,120409
Grand Canyon National Park,2010,2,52.646,36.1069652,-112.1129972,124573
Grand Canyon National Park,2010,3,62.88899999999999,36.1069652,-112.1129972,312903
Grand Canyon National Park,2010,4,66.66199999999999,36.1069652,-112.1129972,375136
Grand Canyon National Park,2010,5,73.464,36.1069652,-112.1129972,399037
Grand Canyon National Park,2010,6,88.91400000000002,36.1069652,-112.1129972,555941
Grand Canyon National Park,2010,7,92.3990909090909,36.1069652,-112.1129972,647636
Grand Canyon National Park,2010,8,90.294,36.1069652,-112.1129972,629167
Grand Canyon National Park,2010,9,91.00299999999999,36.1069652,-112.1129972,477863
Grand Canyon National Park,2010,10,72.078,36.1069652,-112.1129972,359758
Grand Canyon National Park,2010,11,57.395,36.1069652,-112.1129972,219474
Grand Canyon National Park,2010,12,55.82000000000001,36.1069652,-112.1129972,166489
Grand Canyon National Park,2011,1,54.70300000000001,36.1069652,-112.1129972,139029
Grand Canyon National Park,2011,2,49.94555555555557,36.1069652,-112.1129972,120726
Grand Canyon National Park,2011,3,63.56545454545455,36.1069652,-112.1129972,304583
Grand Canyon National Park,2011,4,65.78099999999999,36.1069652,-112.1129972,388363
Grand Canyon National Park,2011,5,74.11699999999998,36.1069652,-112.1129972,419569
Grand Canyon National Park,2011,6,89.21300000000002,36.1069652,-112.1129972,544089
Grand Canyon National Park,2011,7,91.724,36.1069652,-112.1129972,654871
Grand Canyon National Park,2011,8,94.08545454545455,36.1069652,-112.1129972,595265
Grand Canyon National Park,2011,9,83.50899999999999,36.1069652,-112.1129972,410636
Grand Canyon National Park,2011,10,74.262,36.1069652,-112.1129972,348203
Grand Canyon National Park,2011,11,58.50600000000001,36.1069652,-112.1129972,201809
Grand Canyon National Park,2011,12,50.81800000000001,36.1069652,-112.1129972,171035
Grand Canyon National Park,2012,1,57.60636363636362,36.1069652,-112.1129972,141357
Grand Canyon National Park,2012,2,54.42,36.1069652,-112.1129972,141305
Grand Canyon National Park,2012,3,63.643636363636354,36.1069652,-112.1129972,291120
Grand Canyon National Park,2012,4,73.671,36.1069652,-112.1129972,389777
Grand Canyon National Park,2012,5,83.71099999999998,36.1069652,-112.1129972,416363
Grand Canyon National Park,2012,6,95.383,36.1069652,-112.1129972,549688
Grand Canyon National Park,2012,7,90.337,36.1069652,-112.1129972,647953
Grand Canyon National Park,2012,8,90.81181818181818,36.1069652,-112.1129972,610680
Grand Canyon National Park,2012,9,85.69800000000002,36.1069652,-112.1129972,448925
Grand Canyon National Park,2012,10,75.52199999999998,36.1069652,-112.1129972,376225
Grand Canyon National Park,2012,11,66.535,36.1069652,-112.1129972,221927
Grand Canyon National Park,2012,12,51.00100000000001,36.1069652,-112.1129972,186032
Grand Canyon National Park,2013,1,49.80636363636364,36.1069652,-112.1129972,143405
Grand Canyon National Park,2013,2,48.91,36.1069652,-112.1129972,145356
Grand Canyon National Park,2013,3,66.232,36.1069652,-112.1129972,359799
Grand Canyon National Park,2013,4,72.37400000000002,36.1069652,-112.1129972,375899
Grand Canyon National Park,2013,5,81.53090909090908,36.1069652,-112.1129972,468178
Grand Canyon National Park,2013,6,95.694,36.1069652,-112.1129972,613479
Grand Canyon National Park,2013,7,91.912,36.1069652,-112.1129972,728543
Grand Canyon National Park,2013,8,89.596,36.1069652,-112.1129972,633026
Grand Canyon National Park,2013,9,81.34700000000002,36.1069652,-112.1129972,465665
Grand Canyon National Park,2013,10,68.5281818181818,36.1069652,-112.1129972,197742
Grand Canyon National Park,2013,11,60.75899999999999,36.1069652,-112.1129972,217733
Grand Canyon National Park,2013,12,54.57499999999999,36.1069652,-112.1129972,216015
Grand Canyon National Park,2014,1,59.77,36.1069652,-112.1129972,173458
Grand Canyon National Park,2014,2,59.197,36.1069652,-112.1129972,176364
Grand Canyon National Park,2014,3,64.61699999999999,36.1069652,-112.1129972,353920
Grand Canyon National Park,2014,4,67.852,36.1069652,-112.1129972,320348
Grand Canyon National Park,2014,5,77.381,36.1069652,-112.1129972,463713
Grand Canyon National Park,2014,6,93.47899999999998,36.1069652,-112.1129972,563375
Grand Canyon National Park,2014,7,94.05909090909093,36.1069652,-112.1129972,621953
Grand Canyon National Park,2014,8,87.26200000000001,36.1069652,-112.1129972,671027
Grand Canyon National Park,2014,9,85.925,36.1069652,-112.1129972,488359
Grand Canyon National Park,2014,10,77.44399999999997,36.1069652,-112.1129972,410933
Grand Canyon National Park,2014,11,64.54899999999999,36.1069652,-112.1129972,256705
Grand Canyon National Park,2014,12,51.60909090909092,36.1069652,-112.1129972,256616
Grand Canyon National Park,2015,1,55.622,36.1069652,-112.1129972,191781
Grand Canyon National Park,2015,2,63.31999999999999,36.1069652,-112.1129972,224311
Grand Canyon National Park,2015,3,67.86818181818182,36.1069652,-112.1129972,437563
Grand Canyon National Park,2015,4,69.78699999999999,36.1069652,-112.1129972,486989
Grand Canyon National Park,2015,5,70.25399999999999,36.1069652,-112.1129972,541338
Grand Canyon National Park,2015,6,92.678,36.1069652,-112.1129972,614938
Grand Canyon National Park,2015,7,90.411,36.1069652,-112.1129972,714911
Grand Canyon National Park,2015,8,89.09272727272726,36.1069652,-112.1129972,793412
Grand Canyon National Park,2015,9,87.74100000000001,36.1069652,-112.1129972,525090
Grand Canyon National Park,2015,10,72.502,36.1069652,-112.1129972,444363
Grand Canyon National Park,2015,11,57.96999999999999,36.1069652,-112.1129972,273558
Grand Canyon National Park,2015,12,48.159,36.1069652,-112.1129972,272482
Grand Canyon National Park,2016,1,51.06727272727273,36.1069652,-112.1129972,189103
Grand Canyon National Park,2016,2,64.55444444444444,36.1069652,-112.1129972,214361
Grand Canyon National Park,2016,3,67.10818181818182,36.1069652,-112.1129972,504295
Grand Canyon National Park,2016,4,69.31899999999999,36.1069652,-112.1129972,464922
Grand Canyon National Park,2016,5,75.892,36.1069652,-112.1129972,588591
Grand Canyon National Park,2016,6,96.81,36.1069652,-112.1129972,700421
Grand Canyon National Park,2016,7,97.26299999999999,36.1069652,-112.1129972,839086
Grand Canyon National Park,2016,8,88.79,36.1069652,-112.1129972,743158
Grand Canyon National Park,2016,9,82.90799999999999,36.1069652,-112.1129972,578006
Grand Canyon National Park,2016,10,77.47300000000001,36.1069652,-112.1129972,517791
Grand Canyon National Park,2016,11,62.99399999999999,36.1069652,-112.1129972,333204
Grand Canyon National Park,2016,12,53.81399999999999,36.1069652,-112.1129972,296873
Grand Canyon National Park,2017,1,48.53454545454545,36.1069652,-112.1129972,217102
Grand Canyon National Park,2017,2,55.93,36.1069652,-112.1129972,239154
Grand Canyon National Park,2017,3,68.777,36.1069652,-112.1129972,502739
Grand Canyon National Park,2017,4,69.406,36.1069652,-112.1129972,590006
Grand Canyon National Park,2017,5,76.92,36.1069652,-112.1129972,606247
Grand Canyon National Park,2017,6,95.644,36.1069652,-112.1129972,726916
Grand Canyon National Park,2017,7,93.452,36.1069652,-112.1129972,837258
Grand Canyon National Park,2017,8,90.67,36.1069652,-112.1129972,745613
Grand Canyon National Park,2017,9,84.44800000000002,36.1069652,-112.1129972,571946
Grand Canyon National Park,2017,10,78.62818181818182,36.1069652,-112.1129972,529825
Grand Canyon National Park,2017,11,68.87,36.1069652,-112.1129972,349326
Grand Canyon National Park,2017,12,59.826,36.1069652,-112.1129972,338106
Grand Canyon National Park,2018,1,57.83200000000001,36.1069652,-112.1129972,257366
Grand Canyon National Park,2018,2,57.16799999999999,36.1069652,-112.1129972,265949
Grand Canyon National Park,2018,3,61.39300000000001,36.1069652,-112.1129972,503284
Grand Canyon National Park,2018,4,73.88700000000001,36.1069652,-112.1129972,549416
Grand Canyon National Park,2018,5,81.516,36.1069652,-112.1129972,637703
Grand Canyon National Park,2018,6,94.04,36.1069652,-112.1129972,673474
Grand Canyon National Park,2018,7,94.26454545454544,36.1069652,-112.1129972,799765
Grand Canyon National Park,2018,8,91.572,36.1069652,-112.1129972,744826
Grand Canyon National Park,2018,9,88.728,36.1069652,-112.1129972,615783
Grand Canyon National Park,2018,10,65.20444444444446,36.1069652,-112.1129972,555094
Grand Canyon National Park,2018,11,61.587,36.1069652,-112.1129972,408794
Grand Canyon National Park,2018,12,51.76363636363637,36.1069652,-112.1129972,369041
Grand Teton National Park,2009,1,28.037272727272725,43.7904282,-110.6817627,43659
Grand Teton National Park,2009,2,30.13333333333333,43.7904282,-110.6817627,43129
Grand Teton National Park,2009,3,35.543,43.7904282,-110.6817627,44492
Grand Teton National Park,2009,4,45.292,43.7904282,-110.6817627,48206
Grand Teton National Park,2009,5,58.30181818181818,43.7904282,-110.6817627,177624
Grand Teton National Park,2009,6,61.088,43.7904282,-110.6817627,435542
Grand Teton National Park,2009,7,73.28699999999998,43.7904282,-110.6817627,622045
Grand Teton National Park,2009,8,71.671,43.7904282,-110.6817627,568122
Grand Teton National Park,2009,9,72.487,43.7904282,-110.6817627,393873
Grand Teton National Park,2009,10,41.14,43.7904282,-110.6817627,124607
Grand Teton National Park,2009,11,37.528,43.7904282,-110.6817627,37574
Grand Teton National Park,2009,12,19.39,43.7904282,-110.6817627,41208
Grand Teton National Park,2010,1,27.123999999999995,43.7904282,-110.6817627,40509
Grand Teton National Park,2010,2,29.714,43.7904282,-110.6817627,40495
Grand Teton National Park,2010,3,39.99,43.7904282,-110.6817627,47742
Grand Teton National Park,2010,4,45.154,43.7904282,-110.6817627,47575
Grand Teton National Park,2010,5,49.574,43.7904282,-110.6817627,161320
Grand Teton National Park,2010,6,61.106,43.7904282,-110.6817627,450650
Grand Teton National Park,2010,7,76.28363636363636,43.7904282,-110.6817627,628355
Grand Teton National Park,2010,8,72.01299999999998,43.7904282,-110.6817627,598412
Grand Teton National Park,2010,9,67.411,43.7904282,-110.6817627,421830
Grand Teton National Park,2010,10,54.419,43.7904282,-110.6817627,149581
Grand Teton National Park,2010,11,31.865,43.7904282,-110.6817627,39805
Grand Teton National Park,2010,12,26.84454545454545,43.7904282,-110.6817627,43100
Grand Teton National Park,2011,1,25.88600000000001,43.7904282,-110.6817627,42986
Grand Teton National Park,2011,2,23.362222222222233,43.7904282,-110.6817627,39921
Grand Teton National Park,2011,3,35.19181818181819,43.7904282,-110.6817627,48213
Grand Teton National Park,2011,4,37.922,43.7904282,-110.6817627,41914
Grand Teton National Park,2011,5,47.411,43.7904282,-110.6817627,148425
Grand Teton National Park,2011,6,61.552,43.7904282,-110.6817627,436208
Grand Teton National Park,2011,7,76.55999999999997,43.7904282,-110.6817627,643386
Grand Teton National Park,2011,8,75.79272727272728,43.7904282,-110.6817627,568658
Grand Teton National Park,2011,9,71.012,43.7904282,-110.6817627,403649
Grand Teton National Park,2011,10,50.361,43.7904282,-110.6817627,141259
Grand Teton National Park,2011,11,31.138,43.7904282,-110.6817627,33293
Grand Teton National Park,2011,12,22.183000000000003,43.7904282,-110.6817627,39525
Grand Teton National Park,2012,1,26.07818181818181,43.7904282,-110.6817627,38762
Grand Teton National Park,2012,2,28.657777777777767,43.7904282,-110.6817627,31835
Grand Teton National Park,2012,3,41.31181818181818,43.7904282,-110.6817627,39138
Grand Teton National Park,2012,4,47.907,43.7904282,-110.6817627,48341
Grand Teton National Park,2012,5,55.824,43.7904282,-110.6817627,167848
Grand Teton National Park,2012,6,71.03200000000002,43.7904282,-110.6817627,484844
Grand Teton National Park,2012,7,76.92399999999998,43.7904282,-110.6817627,661613
Grand Teton National Park,2012,8,78.68272727272728,43.7904282,-110.6817627,585450
Grand Teton National Park,2012,9,69.563,43.7904282,-110.6817627,405477
Grand Teton National Park,2012,10,49.072,43.7904282,-110.6817627,165549
Grand Teton National Park,2012,11,37.918,43.7904282,-110.6817627,36114
Grand Teton National Park,2012,12,25.756,43.7904282,-110.6817627,40285
Grand Teton National Park,2013,1,22.35727272727273,43.7904282,-110.6817627,39871
Grand Teton National Park,2013,2,27.81444444444445,43.7904282,-110.6817627,40742
Grand Teton National Park,2013,3,35.87699999999999,43.7904282,-110.6817627,47414
Grand Teton National Park,2013,4,42.773999999999994,43.7904282,-110.6817627,45027
Grand Teton National Park,2013,5,55.77272727272728,43.7904282,-110.6817627,189663
Grand Teton National Park,2013,6,71.112,43.7904282,-110.6817627,509389
Grand Teton National Park,2013,7,77.865,43.7904282,-110.6817627,642862
Grand Teton National Park,2013,8,78.655,43.7904282,-110.6817627,609953
Grand Teton National Park,2013,9,64.637,43.7904282,-110.6817627,420542
Grand Teton National Park,2013,10,47.54090909090908,43.7904282,-110.6817627,68984
Grand Teton National Park,2013,11,35.765,43.7904282,-110.6817627,36686
Grand Teton National Park,2013,12,21.307,43.7904282,-110.6817627,37661
Grand Teton National Park,2014,1,27.439,43.7904282,-110.6817627,44783
Grand Teton National Park,2014,2,27.638,43.7904282,-110.6817627,38951
Grand Teton National Park,2014,3,35.922,43.7904282,-110.6817627,47711
Grand Teton National Park,2014,4,43.599,43.7904282,-110.6817627,45867
Grand Teton National Park,2014,5,59.023,43.7904282,-110.6817627,199161
Grand Teton National Park,2014,6,63.226000000000006,43.7904282,-110.6817627,515625
Grand Teton National Park,2014,7,77.72545454545455,43.7904282,-110.6817627,686200
Grand Teton National Park,2014,8,70.08999999999999,43.7904282,-110.6817627,614995
Grand Teton National Park,2014,9,66.49000000000001,43.7904282,-110.6817627,372054
Grand Teton National Park,2014,10,56.181000000000004,43.7904282,-110.6817627,148281
Grand Teton National Park,2014,11,33.541000000000004,43.7904282,-110.6817627,37388
Grand Teton National Park,2014,12,28.888181818181817,43.7904282,-110.6817627,40376
Grand Teton National Park,2015,1,29.189,43.7904282,-110.6817627,46952
Grand Teton National Park,2015,2,35.23222222222221,43.7904282,-110.6817627,51638
Grand Teton National Park,2015,3,44.15363636363637,43.7904282,-110.6817627,57392
Grand Teton National Park,2015,4,46.567,43.7904282,-110.6817627,52348
Grand Teton National Park,2015,5,55.521,43.7904282,-110.6817627,231708
Grand Teton National Park,2015,6,74.09,43.7904282,-110.6817627,576057
Grand Teton National Park,2015,7,70.59700000000002,43.7904282,-110.6817627,737246
Grand Teton National Park,2015,8,76.02090909090909,43.7904282,-110.6817627,651245
Grand Teton National Park,2015,9,67.5,43.7904282,-110.6817627,474787
Grand Teton National Park,2015,10,54.792,43.7904282,-110.6817627,190681
Grand Teton National Park,2015,11,30.82200000000001,43.7904282,-110.6817627,38610
Grand Teton National Park,2015,12,22.892000000000003,43.7904282,-110.6817627,41257
Grand Teton National Park,2016,1,25.54727272727273,43.7904282,-110.6817627,47501
Grand Teton National Park,2016,2,33.01888888888889,43.7904282,-110.6817627,53271
Grand Teton National Park,2016,3,36.17636363636364,43.7904282,-110.6817627,55162
Grand Teton National Park,2016,4,49.87900000000001,43.7904282,-110.6817627,59287
Grand Teton National Park,2016,5,56.138999999999996,43.7904282,-110.6817627,292318
Grand Teton National Park,2016,6,73.94200000000002,43.7904282,-110.6817627,603154
Grand Teton National Park,2016,7,76.00699999999998,43.7904282,-110.6817627,758253
Grand Teton National Park,2016,8,75.39818181818181,43.7904282,-110.6817627,633657
Grand Teton National Park,2016,9,60.49400000000001,43.7904282,-110.6817627,492451
Grand Teton National Park,2016,10,48.18600000000001,43.7904282,-110.6817627,186185
Grand Teton National Park,2016,11,43.06800000000001,43.7904282,-110.6817627,50508
Grand Teton National Park,2016,12,17.326999999999998,43.7904282,-110.6817627,38329
Grand Teton National Park,2017,1,20.475454545454546,43.7904282,-110.6817627,45377
Grand Teton National Park,2017,2,31.84555555555555,43.7904282,-110.6817627,44397
Grand Teton National Park,2017,3,41.92099999999999,43.7904282,-110.6817627,53366
Grand Teton National Park,2017,4,46.147,43.7904282,-110.6817627,58403
Grand Teton National Park,2017,5,57.22545454545455,43.7904282,-110.6817627,255583
Grand Teton National Park,2017,6,67.684,43.7904282,-110.6817627,637683
Grand Teton National Park,2017,7,79.048,43.7904282,-110.6817627,739046
Grand Teton National Park,2017,8,73.562,43.7904282,-110.6817627,716690
Grand Teton National Park,2017,9,60.482000000000006,43.7904282,-110.6817627,482661
Grand Teton National Park,2017,10,48.72727272727273,43.7904282,-110.6817627,187499
Grand Teton National Park,2017,11,35.548,43.7904282,-110.6817627,45496
Grand Teton National Park,2017,12,28.311,43.7904282,-110.6817627,50799
Grand Teton National Park,2018,1,28.695,43.7904282,-110.6817627,54298
Grand Teton National Park,2018,2,25.141,43.7904282,-110.6817627,47524
Grand Teton National Park,2018,3,34.326,43.7904282,-110.6817627,57276
Grand Teton National Park,2018,4,43.195,43.7904282,-110.6817627,60541
Grand Teton National Park,2018,5,59.08,43.7904282,-110.6817627,296885
Grand Teton National Park,2018,6,65.08,43.7904282,-110.6817627,627055
Grand Teton National Park,2018,7,76.86454545454545,43.7904282,-110.6817627,795725
Grand Teton National Park,2018,8,72.616,43.7904282,-110.6817627,692074
Grand Teton National Park,2018,9,68.102,43.7904282,-110.6817627,558788
Grand Teton National Park,2018,10,47.952222222222225,43.7904282,-110.6817627,207534
Grand Teton National Park,2018,11,32.230000000000004,43.7904282,-110.6817627,44651
Grand Teton National Park,2018,12,23.92,43.7904282,-110.6817627,48800
Great Smoky Mountains National Park,2009,1,38.94272727272728,35.6117644,-83.4895449,323614
Great Smoky Mountains National Park,2009,2,45.97666666666666,35.6117644,-83.4895449,334515
Great Smoky Mountains National Park,2009,3,50.342,35.6117644,-83.4895449,521140
Great Smoky Mountains National Park,2009,4,56.661,35.6117644,-83.4895449,770585
Great Smoky Mountains National Park,2009,5,66.98,35.6117644,-83.4895449,788974
Great Smoky Mountains National Park,2009,6,74.514,35.6117644,-83.4895449,1181938
Great Smoky Mountains National Park,2009,7,70.91199999999998,35.6117644,-83.4895449,1404034
Great Smoky Mountains National Park,2009,8,73.01899999999998,35.6117644,-83.4895449,1035277
Great Smoky Mountains National Park,2009,9,68.07600000000001,35.6117644,-83.4895449,845655
Great Smoky Mountains National Park,2009,10,58.35272727272727,35.6117644,-83.4895449,1052137
Great Smoky Mountains National Park,2009,11,51.701,35.6117644,-83.4895449,708797
Great Smoky Mountains National Park,2009,12,37.79899999999999,35.6117644,-83.4895449,524771
Great Smoky Mountains National Park,2010,1,30.45,35.6117644,-83.4895449,303318
Great Smoky Mountains National Park,2010,2,29.471000000000004,35.6117644,-83.4895449,239587
Great Smoky Mountains National Park,2010,3,49.408,35.6117644,-83.4895449,505950
Great Smoky Mountains National Park,2010,4,63.290000000000006,35.6117644,-83.4895449,848946
Great Smoky Mountains National Park,2010,5,68.48200000000001,35.6117644,-83.4895449,792980
Great Smoky Mountains National Park,2010,6,74.759,35.6117644,-83.4895449,1359978
Great Smoky Mountains National Park,2010,7,77.88999999999999,35.6117644,-83.4895449,1403978
Great Smoky Mountains National Park,2010,8,75.568,35.6117644,-83.4895449,947311
Great Smoky Mountains National Park,2010,9,70.10900000000001,35.6117644,-83.4895449,845410
Great Smoky Mountains National Park,2010,10,61.548,35.6117644,-83.4895449,1252357
Great Smoky Mountains National Park,2010,11,52.68499999999999,35.6117644,-83.4895449,621211
Great Smoky Mountains National Park,2010,12,30.17272727272727,35.6117644,-83.4895449,342512
Great Smoky Mountains National Park,2011,1,32.858000000000004,35.6117644,-83.4895449,214609
Great Smoky Mountains National Park,2011,2,45.007777777777775,35.6117644,-83.4895449,315206
Great Smoky Mountains National Park,2011,3,50.50909090909091,35.6117644,-83.4895449,502501
Great Smoky Mountains National Park,2011,4,64.81899999999999,35.6117644,-83.4895449,690037
Great Smoky Mountains National Park,2011,5,67.20700000000001,35.6117644,-83.4895449,727237
Great Smoky Mountains National Park,2011,6,74.109,35.6117644,-83.4895449,1121001
Great Smoky Mountains National Park,2011,7,77.27900000000002,35.6117644,-83.4895449,1342491
Great Smoky Mountains National Park,2011,8,77.41454545454545,35.6117644,-83.4895449,1002603
Great Smoky Mountains National Park,2011,9,65.94300000000001,35.6117644,-83.4895449,882269
Great Smoky Mountains National Park,2011,10,58.648,35.6117644,-83.4895449,1133530
Great Smoky Mountains National Park,2011,11,48.147,35.6117644,-83.4895449,605743
Great Smoky Mountains National Park,2011,12,44.729,35.6117644,-83.4895449,471603
Great Smoky Mountains National Park,2012,1,41.93909090909091,35.6117644,-83.4895449,269282
Great Smoky Mountains National Park,2012,2,48.01666666666667,35.6117644,-83.4895449,353390
Great Smoky Mountains National Park,2012,3,58.775454545454544,35.6117644,-83.4895449,611326
Great Smoky Mountains National Park,2012,4,60.812,35.6117644,-83.4895449,745545
Great Smoky Mountains National Park,2012,5,67.955,35.6117644,-83.4895449,799760
Great Smoky Mountains National Park,2012,6,71.66400000000002,35.6117644,-83.4895449,1202056
Great Smoky Mountains National Park,2012,7,75.51899999999998,35.6117644,-83.4895449,1392067
Great Smoky Mountains National Park,2012,8,72.24363636363638,35.6117644,-83.4895449,1081025
Great Smoky Mountains National Park,2012,9,66.242,35.6117644,-83.4895449,982942
Great Smoky Mountains National Park,2012,10,55.89700000000001,35.6117644,-83.4895449,1144273
Great Smoky Mountains National Park,2012,11,50.754,35.6117644,-83.4895449,623636
Great Smoky Mountains National Park,2012,12,43.851000000000006,35.6117644,-83.4895449,480527
Great Smoky Mountains National Park,2013,1,41.25363636363636,35.6117644,-83.4895449,265633
Great Smoky Mountains National Park,2013,2,44.75888888888889,35.6117644,-83.4895449,252437
Great Smoky Mountains National Park,2013,3,41.328,35.6117644,-83.4895449,465594
Great Smoky Mountains National Park,2013,4,57.352,35.6117644,-83.4895449,636677
Great Smoky Mountains National Park,2013,5,64.34909090909092,35.6117644,-83.4895449,885960
Great Smoky Mountains National Park,2013,6,71.19,35.6117644,-83.4895449,1321821
Great Smoky Mountains National Park,2013,7,71.72,35.6117644,-83.4895449,1399567
Great Smoky Mountains National Park,2013,8,70.661,35.6117644,-83.4895449,1040021
Great Smoky Mountains National Park,2013,9,67.87100000000001,35.6117644,-83.4895449,1060237
Great Smoky Mountains National Park,2013,10,57.63090909090909,35.6117644,-83.4895449,847616
Great Smoky Mountains National Park,2013,11,42.981,35.6117644,-83.4895449,688430
Great Smoky Mountains National Park,2013,12,40.938,35.6117644,-83.4895449,490702
Great Smoky Mountains National Park,2014,1,37.09000000000001,35.6117644,-83.4895449,275353
Great Smoky Mountains National Park,2014,2,43.979,35.6117644,-83.4895449,296451
Great Smoky Mountains National Park,2014,3,49.677,35.6117644,-83.4895449,509454
Great Smoky Mountains National Park,2014,4,61.982000000000006,35.6117644,-83.4895449,724987
Great Smoky Mountains National Park,2014,5,68.83300000000001,35.6117644,-83.4895449,900900
Great Smoky Mountains National Park,2014,6,72.035,35.6117644,-83.4895449,1305063
Great Smoky Mountains National Park,2014,7,70.86,35.6117644,-83.4895449,1445328
Great Smoky Mountains National Park,2014,8,73.017,35.6117644,-83.4895449,1213262
Great Smoky Mountains National Park,2014,9,68.17500000000001,35.6117644,-83.4895449,978105
Great Smoky Mountains National Park,2014,10,60.92099999999999,35.6117644,-83.4895449,1303450
Great Smoky Mountains National Park,2014,11,43.228,35.6117644,-83.4895449,636596
Great Smoky Mountains National Park,2014,12,43.80272727272727,35.6117644,-83.4895449,510327
Great Smoky Mountains National Park,2015,1,35.43400000000001,35.6117644,-83.4895449,373315
Great Smoky Mountains National Park,2015,2,35.367777777777775,35.6117644,-83.4895449,244214
Great Smoky Mountains National Park,2015,3,51.88090909090909,35.6117644,-83.4895449,598835
Great Smoky Mountains National Park,2015,4,59.88600000000001,35.6117644,-83.4895449,794886
Great Smoky Mountains National Park,2015,5,70.32499999999999,35.6117644,-83.4895449,1017955
Great Smoky Mountains National Park,2015,6,74.26400000000002,35.6117644,-83.4895449,1307646
Great Smoky Mountains National Park,2015,7,73.529,35.6117644,-83.4895449,1441603
Great Smoky Mountains National Park,2015,8,73.88090909090909,35.6117644,-83.4895449,1208882
Great Smoky Mountains National Park,2015,9,69.027,35.6117644,-83.4895449,1096723
Great Smoky Mountains National Park,2015,10,58.92999999999999,35.6117644,-83.4895449,1353454
Great Smoky Mountains National Park,2015,11,52.236000000000004,35.6117644,-83.4895449,707576
Great Smoky Mountains National Park,2015,12,52.98299999999999,35.6117644,-83.4895449,567585
Great Smoky Mountains National Park,2016,1,36.54545454545455,35.6117644,-83.4895449,379730
Great Smoky Mountains National Park,2016,2,39.72888888888889,35.6117644,-83.4895449,353532
Great Smoky Mountains National Park,2016,3,56.459090909090904,35.6117644,-83.4895449,778211
Great Smoky Mountains National Park,2016,4,61.746,35.6117644,-83.4895449,859420
Great Smoky Mountains National Park,2016,5,64.62899999999999,35.6117644,-83.4895449,1018224
Great Smoky Mountains National Park,2016,6,75.119,35.6117644,-83.4895449,1364138
Great Smoky Mountains National Park,2016,7,78.47900000000001,35.6117644,-83.4895449,1464456
Great Smoky Mountains National Park,2016,8,76.52727272727272,35.6117644,-83.4895449,1183778
Great Smoky Mountains National Park,2016,9,73.491,35.6117644,-83.4895449,1165098
Great Smoky Mountains National Park,2016,10,64.578,35.6117644,-83.4895449,1466584
Great Smoky Mountains National Park,2016,11,55.20399999999999,35.6117644,-83.4895449,810894
Great Smoky Mountains National Park,2016,12,41.824,35.6117644,-83.4895449,468721
Great Smoky Mountains National Park,2017,1,44.51727272727272,35.6117644,-83.4895449,382161
Great Smoky Mountains National Park,2017,2,47.235555555555536,35.6117644,-83.4895449,457921
Great Smoky Mountains National Park,2017,3,48.625,35.6117644,-83.4895449,690615
Great Smoky Mountains National Park,2017,4,64.324,35.6117644,-83.4895449,867375
Great Smoky Mountains National Park,2017,5,64.7909090909091,35.6117644,-83.4895449,907646
Great Smoky Mountains National Park,2017,6,70.64099999999998,35.6117644,-83.4895449,1304711
Great Smoky Mountains National Park,2017,7,74.714,35.6117644,-83.4895449,1492508
Great Smoky Mountains National Park,2017,8,73.43500000000002,35.6117644,-83.4895449,1235188
Great Smoky Mountains National Park,2017,9,68.33399999999999,35.6117644,-83.4895449,1282168
Great Smoky Mountains National Park,2017,10,60.54181818181818,35.6117644,-83.4895449,1336369
Great Smoky Mountains National Park,2017,11,51.957,35.6117644,-83.4895449,817238
Great Smoky Mountains National Park,2017,12,36.233,35.6117644,-83.4895449,564993
Great Smoky Mountains National Park,2018,1,32.327,35.6117644,-83.4895449,320864
Great Smoky Mountains National Park,2018,2,49.371,35.6117644,-83.4895449,399156
Great Smoky Mountains National Park,2018,3,43.481,35.6117644,-83.4895449,689235
Great Smoky Mountains National Park,2018,4,54.641999999999996,35.6117644,-83.4895449,820657
Great Smoky Mountains National Park,2018,5,70.90200000000002,35.6117644,-83.4895449,985145
Great Smoky Mountains National Park,2018,6,73.899,35.6117644,-83.4895449,1401741
Great Smoky Mountains National Park,2018,7,73.19818181818181,35.6117644,-83.4895449,1468273
Great Smoky Mountains National Park,2018,8,73.16,35.6117644,-83.4895449,1195360
Great Smoky Mountains National Park,2018,9,72.166,35.6117644,-83.4895449,1369637
Great Smoky Mountains National Park,2018,10,60.511,35.6117644,-83.4895449,1263665
Great Smoky Mountains National Park,2018,11,48.60999999999999,35.6117644,-83.4895449,867110
Great Smoky Mountains National Park,2018,12,42.03818181818181,35.6117644,-83.4895449,640357
Olympic National Park,2009,1,31.89909090909091,47.8021067,-123.6043524,108180
Olympic National Park,2009,2,32.28111111111111,47.8021067,-123.6043524,108615
Olympic National Park,2009,3,29.373,47.8021067,-123.6043524,130282
Olympic National Park,2009,4,38.28,47.8021067,-123.6043524,131420
Olympic National Park,2009,5,47.27363636363636,47.8021067,-123.6043524,296279
Olympic National Park,2009,6,54.63200000000001,47.8021067,-123.6043524,390715
Olympic National Park,2009,7,63.222,47.8021067,-123.6043524,511702
Olympic National Park,2009,8,58.08200000000001,47.8021067,-123.6043524,714948
Olympic National Park,2009,9,56.04600000000001,47.8021067,-123.6043524,408782
Olympic National Park,2009,10,40.86181818181819,47.8021067,-123.6043524,218816
Olympic National Park,2009,11,33.07,47.8021067,-123.6043524,143775
Olympic National Park,2009,12,29.167,47.8021067,-123.6043524,112945
Olympic National Park,2010,1,34.422999999999995,47.8021067,-123.6043524,95417
Olympic National Park,2010,2,34.911,47.8021067,-123.6043524,87317
Olympic National Park,2010,3,37.17,47.8021067,-123.6043524,114917
Olympic National Park,2010,4,37.538,47.8021067,-123.6043524,160423
Olympic National Park,2010,5,41.523,47.8021067,-123.6043524,224279
Olympic National Park,2010,6,46.69300000000001,47.8021067,-123.6043524,283713
Olympic National Park,2010,7,57.5590909090909,47.8021067,-123.6043524,515266
Olympic National Park,2010,8,58.253,47.8021067,-123.6043524,648734
Olympic National Park,2010,9,50.111999999999995,47.8021067,-123.6043524,329213
Olympic National Park,2010,10,43.669,47.8021067,-123.6043524,172354
Olympic National Park,2010,11,32.536,47.8021067,-123.6043524,147838
Olympic National Park,2010,12,29.568181818181817,47.8021067,-123.6043524,65092
Olympic National Park,2011,1,31.192,47.8021067,-123.6043524,81212
Olympic National Park,2011,2,28.63111111111111,47.8021067,-123.6043524,68228
Olympic National Park,2011,3,31.970909090909085,47.8021067,-123.6043524,105061
Olympic National Park,2011,4,33.854,47.8021067,-123.6043524,128660
Olympic National Park,2011,5,39.64399999999999,47.8021067,-123.6043524,282322
Olympic National Park,2011,6,47.55499999999999,47.8021067,-123.6043524,316535
Olympic National Park,2011,7,52.332,47.8021067,-123.6043524,514487
Olympic National Park,2011,8,57.67,47.8021067,-123.6043524,724884
Olympic National Park,2011,9,56.092,47.8021067,-123.6043524,380517
Olympic National Park,2011,10,42.07000000000001,47.8021067,-123.6043524,194130
Olympic National Park,2011,11,31.115,47.8021067,-123.6043524,91620
Olympic National Park,2011,12,30.851999999999997,47.8021067,-123.6043524,78846
Olympic National Park,2012,1,29.35,47.8021067,-123.6043524,65178
Olympic National Park,2012,2,33.64444444444445,47.8021067,-123.6043524,79292
Olympic National Park,2012,3,30.781818181818185,47.8021067,-123.6043524,96768
Olympic National Park,2012,4,37.75600000000001,47.8021067,-123.6043524,114970
Olympic National Park,2012,5,44.53099999999999,47.8021067,-123.6043524,287399
Olympic National Park,2012,6,44.594,47.8021067,-123.6043524,261427
Olympic National Park,2012,7,57.843,47.8021067,-123.6043524,527598
Olympic National Park,2012,8,60.3609090909091,47.8021067,-123.6043524,639436
Olympic National Park,2012,9,57.069,47.8021067,-123.6043524,417768
Olympic National Park,2012,10,43.124,47.8021067,-123.6043524,165809
Olympic National Park,2012,11,34.325,47.8021067,-123.6043524,83363
Olympic National Park,2012,12,28.097,47.8021067,-123.6043524,85900
Olympic National Park,2013,1,31.32727272727273,47.8021067,-123.6043524,77162
Olympic National Park,2013,2,31.866666666666674,47.8021067,-123.6043524,81808
Olympic National Park,2013,3,34.706,47.8021067,-123.6043524,119954
Olympic National Park,2013,4,39.918,47.8021067,-123.6043524,124456
Olympic National Park,2013,5,46.66636363636363,47.8021067,-123.6043524,274629
Olympic National Park,2013,6,51.657,47.8021067,-123.6043524,388581
Olympic National Park,2013,7,60.835,47.8021067,-123.6043524,460971
Olympic National Park,2013,8,56.27200000000001,47.8021067,-123.6043524,855663
Olympic National Park,2013,9,53.34599999999999,47.8021067,-123.6043524,373850
Olympic National Park,2013,10,43.29090909090909,47.8021067,-123.6043524,134726
Olympic National Park,2013,11,35.092,47.8021067,-123.6043524,89154
Olympic National Park,2013,12,27.6,47.8021067,-123.6043524,104386
Olympic National Park,2014,1,35.366,47.8021067,-123.6043524,80424
Olympic National Park,2014,2,29.221000000000004,47.8021067,-123.6043524,77894
Olympic National Park,2014,3,37.499,47.8021067,-123.6043524,106803
Olympic National Park,2014,4,40.782,47.8021067,-123.6043524,163050
Olympic National Park,2014,5,46.58900000000001,47.8021067,-123.6043524,282962
Olympic National Park,2014,6,50.98,47.8021067,-123.6043524,396184
Olympic National Park,2014,7,63.52,47.8021067,-123.6043524,585884
Olympic National Park,2014,8,60.968,47.8021067,-123.6043524,860611
Olympic National Park,2014,9,54.84200000000001,47.8021067,-123.6043524,394495
Olympic National Park,2014,10,44.928,47.8021067,-123.6043524,146288
Olympic National Park,2014,11,35.968,47.8021067,-123.6043524,75692
Olympic National Park,2014,12,31.698181818181826,47.8021067,-123.6043524,73585
Olympic National Park,2015,1,35.49400000000001,47.8021067,-123.6043524,79877
Olympic National Park,2015,2,38.96333333333335,47.8021067,-123.6043524,102766
Olympic National Park,2015,3,39.625454545454545,47.8021067,-123.6043524,110453
Olympic National Park,2015,4,40.904,47.8021067,-123.6043524,163263
Olympic National Park,2015,5,51.12900000000001,47.8021067,-123.6043524,280726
Olympic National Park,2015,6,59.993,47.8021067,-123.6043524,550337
Olympic National Park,2015,7,61.787000000000006,47.8021067,-123.6043524,568820
Olympic National Park,2015,8,61.83363636363636,47.8021067,-123.6043524,702159
Olympic National Park,2015,9,49.49,47.8021067,-123.6043524,391825
Olympic National Park,2015,10,46.46,47.8021067,-123.6043524,139783
Olympic National Park,2015,11,33.23100000000001,47.8021067,-123.6043524,104817
Olympic National Park,2015,12,29.868000000000002,47.8021067,-123.6043524,68935
Olympic National Park,2016,1,31.237272727272725,47.8021067,-123.6043524,97571
Olympic National Park,2016,2,35.837777777777774,47.8021067,-123.6043524,103509
Olympic National Park,2016,3,37.54818181818182,47.8021067,-123.6043524,126255
Olympic National Park,2016,4,46.303000000000004,47.8021067,-123.6043524,171641
Olympic National Park,2016,5,48.076,47.8021067,-123.6043524,341524
Olympic National Park,2016,6,51.751999999999995,47.8021067,-123.6043524,459305
Olympic National Park,2016,7,54.396,47.8021067,-123.6043524,563492
Olympic National Park,2016,8,59.67090909090908,47.8021067,-123.6043524,813267
Olympic National Park,2016,9,50.902,47.8021067,-123.6043524,409680
Olympic National Park,2016,10,39.804,47.8021067,-123.6043524,114112
Olympic National Park,2016,11,37.708,47.8021067,-123.6043524,117426
Olympic National Park,2016,12,25.626000000000005,47.8021067,-123.6043524,72439
Olympic National Park,2017,1,27.14,47.8021067,-123.6043524,96056
Olympic National Park,2017,2,29.51,47.8021067,-123.6043524,94433
Olympic National Park,2017,3,32.488,47.8021067,-123.6043524,114817
Olympic National Park,2017,4,37.554,47.8021067,-123.6043524,202039
Olympic National Park,2017,5,48.55818181818182,47.8021067,-123.6043524,350885
Olympic National Park,2017,6,53.24400000000001,47.8021067,-123.6043524,500191
Olympic National Park,2017,7,57.774,47.8021067,-123.6043524,510184
Olympic National Park,2017,8,64.18299999999999,47.8021067,-123.6043524,764282
Olympic National Park,2017,9,56.81100000000001,47.8021067,-123.6043524,411658
Olympic National Park,2017,10,42.26181818181818,47.8021067,-123.6043524,194127
Olympic National Park,2017,11,31.689,47.8021067,-123.6043524,91989
Olympic National Park,2017,12,30.614,47.8021067,-123.6043524,71335
Olympic National Park,2018,1,32.913000000000004,47.8021067,-123.6043524,124050
Olympic National Park,2018,2,29.086,47.8021067,-123.6043524,95948
Olympic National Park,2018,3,35.884,47.8021067,-123.6043524,113917
Olympic National Park,2018,4,39.82899999999999,47.8021067,-123.6043524,161131
Olympic National Park,2018,5,51.721000000000004,47.8021067,-123.6043524,305775
Olympic National Park,2018,6,48.26899999999999,47.8021067,-123.6043524,462461
Olympic National Park,2018,7,60.64181818181819,47.8021067,-123.6043524,492372
Olympic National Park,2018,8,61.53,47.8021067,-123.6043524,655793
Olympic National Park,2018,9,50.42299999999999,47.8021067,-123.6043524,345371
Olympic National Park,2018,10,44.64111111111111,47.8021067,-123.6043524,193677
Olympic National Park,2018,11,37.048,47.8021067,-123.6043524,90207
Olympic National Park,2018,12,30.65181818181818,47.8021067,-123.6043524,63753
Rocky Mountain National Park,2009,1,29.85,40.3427932,-105.6836389,70858
Rocky Mountain National Park,2009,2,30.84,40.3427932,-105.6836389,58375
Rocky Mountain National Park,2009,3,39.277,40.3427932,-105.6836389,75022
Rocky Mountain National Park,2009,4,39.327,40.3427932,-105.6836389,58842
Rocky Mountain National Park,2009,5,51.4490909090909,40.3427932,-105.6836389,207827
Rocky Mountain National Park,2009,6,59.22499999999999,40.3427932,-105.6836389,426453
Rocky Mountain National Park,2009,7,64.99300000000001,40.3427932,-105.6836389,626907
Rocky Mountain National Park,2009,8,65.548,40.3427932,-105.6836389,568455
Rocky Mountain National Park,2009,9,59.12900000000001,40.3427932,-105.6836389,443488
Rocky Mountain National Park,2009,10,38.655454545454546,40.3427932,-105.6836389,171959
Rocky Mountain National Park,2009,11,41.56400000000001,40.3427932,-105.6836389,67894
Rocky Mountain National Park,2009,12,18.051,40.3427932,-105.6836389,46245
Rocky Mountain National Park,2010,1,30.253000000000004,40.3427932,-105.6836389,64618
Rocky Mountain National Park,2010,2,24.183000000000003,40.3427932,-105.6836389,44576
Rocky Mountain National Park,2010,3,39.407,40.3427932,-105.6836389,70117
Rocky Mountain National Park,2010,4,39.775999999999996,40.3427932,-105.6836389,69097
Rocky Mountain National Park,2010,5,46.89999999999999,40.3427932,-105.6836389,180710
Rocky Mountain National Park,2010,6,65.275,40.3427932,-105.6836389,441738
Rocky Mountain National Park,2010,7,67.8,40.3427932,-105.6836389,668418
Rocky Mountain National Park,2010,8,67.13899999999998,40.3427932,-105.6836389,574638
Rocky Mountain National Park,2010,9,64.889,40.3427932,-105.6836389,461942
Rocky Mountain National Park,2010,10,50.03,40.3427932,-105.6836389,245770
Rocky Mountain National Park,2010,11,32.175,40.3427932,-105.6836389,67862
Rocky Mountain National Park,2010,12,29.62454545454545,40.3427932,-105.6836389,66335
Rocky Mountain National Park,2011,1,27.37,40.3427932,-105.6836389,68641
Rocky Mountain National Park,2011,2,22.572222222222226,40.3427932,-105.6836389,50540
Rocky Mountain National Park,2011,3,37.31636363636364,40.3427932,-105.6836389,73760
Rocky Mountain National Park,2011,4,39.009,40.3427932,-105.6836389,77183
Rocky Mountain National Park,2011,5,44.49300000000001,40.3427932,-105.6836389,163587
Rocky Mountain National Park,2011,6,63.399,40.3427932,-105.6836389,500733
Rocky Mountain National Park,2011,7,69.176,40.3427932,-105.6836389,743741
Rocky Mountain National Park,2011,8,70.83909090909091,40.3427932,-105.6836389,620534
Rocky Mountain National Park,2011,9,57.463,40.3427932,-105.6836389,483780
Rocky Mountain National Park,2011,10,48.25899999999999,40.3427932,-105.6836389,264617
Rocky Mountain National Park,2011,11,34.312,40.3427932,-105.6836389,68076
Rocky Mountain National Park,2011,12,29.25500000000001,40.3427932,-105.6836389,61749
Rocky Mountain National Park,2012,1,31.41363636363636,40.3427932,-105.6836389,68537
Rocky Mountain National Park,2012,2,27.684444444444452,40.3427932,-105.6836389,62036
Rocky Mountain National Park,2012,3,44.74727272727273,40.3427932,-105.6836389,104374
Rocky Mountain National Park,2012,4,48.608000000000004,40.3427932,-105.6836389,117053
Rocky Mountain National Park,2012,5,55.55299999999998,40.3427932,-105.6836389,228950
Rocky Mountain National Park,2012,6,70.23100000000001,40.3427932,-105.6836389,500206
Rocky Mountain National Park,2012,7,70.14199999999998,40.3427932,-105.6836389,651722
Rocky Mountain National Park,2012,8,67.46,40.3427932,-105.6836389,589131
Rocky Mountain National Park,2012,9,60.67199999999999,40.3427932,-105.6836389,527172
Rocky Mountain National Park,2012,10,46.854,40.3427932,-105.6836389,219946
Rocky Mountain National Park,2012,11,39.11699999999999,40.3427932,-105.6836389,93714
Rocky Mountain National Park,2012,12,30.49,40.3427932,-105.6836389,66776
Rocky Mountain National Park,2013,1,30.52,40.3427932,-105.6836389,78022
Rocky Mountain National Park,2013,2,24.375555555555554,40.3427932,-105.6836389,68831
Rocky Mountain National Park,2013,3,36.00599999999999,40.3427932,-105.6836389,89691
Rocky Mountain National Park,2013,4,39.611,40.3427932,-105.6836389,90379
Rocky Mountain National Park,2013,5,51.62636363636364,40.3427932,-105.6836389,239184
Rocky Mountain National Park,2013,6,68.803,40.3427932,-105.6836389,602508
Rocky Mountain National Park,2013,7,69.563,40.3427932,-105.6836389,712583
Rocky Mountain National Park,2013,8,68.193,40.3427932,-105.6836389,621852
Rocky Mountain National Park,2013,9,59.38899999999999,40.3427932,-105.6836389,253467
Rocky Mountain National Park,2013,10,44.22363636363636,40.3427932,-105.6836389,66275
Rocky Mountain National Park,2013,11,38.189,40.3427932,-105.6836389,86379
Rocky Mountain National Park,2013,12,26.666000000000004,40.3427932,-105.6836389,81970
Rocky Mountain National Park,2014,1,26.57200000000001,40.3427932,-105.6836389,77633
Rocky Mountain National Park,2014,2,28.036,40.3427932,-105.6836389,76881
Rocky Mountain National Park,2014,3,37.626999999999995,40.3427932,-105.6836389,99077
Rocky Mountain National Park,2014,4,43.557,40.3427932,-105.6836389,97100
Rocky Mountain National Park,2014,5,50.905,40.3427932,-105.6836389,220532
Rocky Mountain National Park,2014,6,64.199,40.3427932,-105.6836389,538725
Rocky Mountain National Park,2014,7,68.81272727272727,40.3427932,-105.6836389,693685
Rocky Mountain National Park,2014,8,66.22200000000001,40.3427932,-105.6836389,616826
Rocky Mountain National Park,2014,9,60.23199999999999,40.3427932,-105.6836389,537694
Rocky Mountain National Park,2014,10,53.68599999999999,40.3427932,-105.6836389,305651
Rocky Mountain National Park,2014,11,35.86199999999999,40.3427932,-105.6836389,90915
Rocky Mountain National Park,2014,12,30.62,40.3427932,-105.6836389,80032
Rocky Mountain National Park,2015,1,33.295,40.3427932,-105.6836389,98928
Rocky Mountain National Park,2015,2,32.315555555555555,40.3427932,-105.6836389,85123
Rocky Mountain National Park,2015,3,40.775454545454544,40.3427932,-105.6836389,134304
Rocky Mountain National Park,2015,4,43.31,40.3427932,-105.6836389,116959
Rocky Mountain National Park,2015,5,48.29599999999999,40.3427932,-105.6836389,259711
Rocky Mountain National Park,2015,6,65.619,40.3427932,-105.6836389,608796
Rocky Mountain National Park,2015,7,66.876,40.3427932,-105.6836389,858426
Rocky Mountain National Park,2015,8,67.60181818181819,40.3427932,-105.6836389,765579
Rocky Mountain National Park,2015,9,64.69200000000001,40.3427932,-105.6836389,644350
Rocky Mountain National Park,2015,10,48.515,40.3427932,-105.6836389,371558
Rocky Mountain National Park,2015,11,34.20399999999999,40.3427932,-105.6836389,118398
Rocky Mountain National Park,2015,12,25.502,40.3427932,-105.6836389,93784
Rocky Mountain National Park,2016,1,28.61090909090909,40.3427932,-105.6836389,115207
Rocky Mountain National Park,2016,2,35.85,40.3427932,-105.6836389,105125
Rocky Mountain National Park,2016,3,35.95727272727272,40.3427932,-105.6836389,135053
Rocky Mountain National Park,2016,4,42.40599999999999,40.3427932,-105.6836389,129967
Rocky Mountain National Park,2016,5,53.003,40.3427932,-105.6836389,285868
Rocky Mountain National Park,2016,6,68.37599999999999,40.3427932,-105.6836389,700990
Rocky Mountain National Park,2016,7,70.32000000000001,40.3427932,-105.6836389,912507
Rocky Mountain National Park,2016,8,65.10454545454546,40.3427932,-105.6836389,772849
Rocky Mountain National Park,2016,9,59.496,40.3427932,-105.6836389,711110
Rocky Mountain National Park,2016,10,53.71,40.3427932,-105.6836389,398525
Rocky Mountain National Park,2016,11,41.203,40.3427932,-105.6836389,158553
Rocky Mountain National Park,2016,12,22.562,40.3427932,-105.6836389,91831
Rocky Mountain National Park,2017,1,27.18636363636364,40.3427932,-105.6836389,95602
Rocky Mountain National Park,2017,2,36.62222222222222,40.3427932,-105.6836389,98832
Rocky Mountain National Park,2017,3,43.84,40.3427932,-105.6836389,145110
Rocky Mountain National Park,2017,4,42.598,40.3427932,-105.6836389,158360
Rocky Mountain National Park,2017,5,50.78181818181818,40.3427932,-105.6836389,263222
Rocky Mountain National Park,2017,6,66.33800000000001,40.3427932,-105.6836389,741247
Rocky Mountain National Park,2017,7,69.90700000000001,40.3427932,-105.6836389,885478
Rocky Mountain National Park,2017,8,66.17099999999999,40.3427932,-105.6836389,782625
Rocky Mountain National Park,2017,9,59.909000000000006,40.3427932,-105.6836389,681160
Rocky Mountain National Park,2017,10,51.11000000000001,40.3427932,-105.6836389,332526
Rocky Mountain National Park,2017,11,41.88600000000001,40.3427932,-105.6836389,140223
Rocky Mountain National Park,2017,12,32.366,40.3427932,-105.6836389,112830
Rocky Mountain National Park,2018,1,32.748999999999995,40.3427932,-105.6836389,111422
Rocky Mountain National Park,2018,2,25.682,40.3427932,-105.6836389,84245
Rocky Mountain National Park,2018,3,39.777,40.3427932,-105.6836389,156434
Rocky Mountain National Park,2018,4,47.022,40.3427932,-105.6836389,151975
Rocky Mountain National Park,2018,5,55.79299999999999,40.3427932,-105.6836389,305993
Rocky Mountain National Park,2018,6,69.59100000000001,40.3427932,-105.6836389,720822
Rocky Mountain National Park,2018,7,72.47272727272728,40.3427932,-105.6836389,931929
Rocky Mountain National Park,2018,8,67.87899999999999,40.3427932,-105.6836389,798306
Rocky Mountain National Park,2018,9,66.001,40.3427932,-105.6836389,784480
Rocky Mountain National Park,2018,10,42.99444444444444,40.3427932,-105.6836389,312757
Rocky Mountain National Park,2018,11,32.995999999999995,40.3427932,-105.6836389,125349
Rocky Mountain National Park,2018,12,24.54545454545455,40.3427932,-105.6836389,106781
Yellowstone National Park,2009,1,26.815454545454546,44.427963,-110.588455,24770
Yellowstone National Park,2009,2,30.238888888888887,44.427963,-110.588455,28355
Yellowstone National Park,2009,3,34.7,44.427963,-110.588455,17317
Yellowstone National Park,2009,4,44.89,44.427963,-110.588455,24831
Yellowstone National Park,2009,5,53.38,44.427963,-110.588455,261763
Yellowstone National Park,2009,6,56.935,44.427963,-110.588455,643844
Yellowstone National Park,2009,7,68.15299999999999,44.427963,-110.588455,900515
Yellowstone National Park,2009,8,68.21799999999999,44.427963,-110.588455,752983
Yellowstone National Park,2009,9,67.48899999999999,44.427963,-110.588455,489438
Yellowstone National Park,2009,10,35.78272727272727,44.427963,-110.588455,123867
Yellowstone National Park,2009,11,32.760000000000005,44.427963,-110.588455,9397
Yellowstone National Park,2009,12,16.157,44.427963,-110.588455,18107
Yellowstone National Park,2010,1,27.279999999999994,44.427963,-110.588455,25595
Yellowstone National Park,2010,2,28.543000000000006,44.427963,-110.588455,29108
Yellowstone National Park,2010,3,39.075,44.427963,-110.588455,21028
Yellowstone National Park,2010,4,41.978,44.427963,-110.588455,32763
Yellowstone National Park,2010,5,45.851000000000006,44.427963,-110.588455,250445
Yellowstone National Park,2010,6,56.843,44.427963,-110.588455,694841
Yellowstone National Park,2010,7,70.44545454545455,44.427963,-110.588455,957785
Yellowstone National Park,2010,8,67.223,44.427963,-110.588455,854837
Yellowstone National Park,2010,9,61.602,44.427963,-110.588455,550504
Yellowstone National Park,2010,10,50.448,44.427963,-110.588455,189072
Yellowstone National Park,2010,11,28.961,44.427963,-110.588455,16819
Yellowstone National Park,2010,12,24.55636363636363,44.427963,-110.588455,17388
Yellowstone National Park,2011,1,23.358,44.427963,-110.588455,24517
Yellowstone National Park,2011,2,21.172222222222214,44.427963,-110.588455,28174
Yellowstone National Park,2011,3,33.85545454545454,44.427963,-110.588455,18728
Yellowstone National Park,2011,4,35.967,44.427963,-110.588455,28147
Yellowstone National Park,2011,5,44.974,44.427963,-110.588455,207842
Yellowstone National Park,2011,6,56.81399999999999,44.427963,-110.588455,634316
Yellowstone National Park,2011,7,70.828,44.427963,-110.588455,906935
Yellowstone National Park,2011,8,70.83454545454545,44.427963,-110.588455,805173
Yellowstone National Park,2011,9,66.185,44.427963,-110.588455,536349
Yellowstone National Park,2011,10,45.583,44.427963,-110.588455,175433
Yellowstone National Park,2011,11,28.355,44.427963,-110.588455,12198
Yellowstone National Park,2011,12,23.000000000000004,44.427963,-110.588455,16514
Yellowstone National Park,2012,1,23.59272727272727,44.427963,-110.588455,24766
Yellowstone National Park,2012,2,28.17666666666667,44.427963,-110.588455,27752
Yellowstone National Park,2012,3,39.10272727272728,44.427963,-110.588455,20248
Yellowstone National Park,2012,4,43.824,44.427963,-110.588455,29056
Yellowstone National Park,2012,5,51.246,44.427963,-110.588455,268251
Yellowstone National Park,2012,6,64.839,44.427963,-110.588455,671825
Yellowstone National Park,2012,7,71.975,44.427963,-110.588455,888335
Yellowstone National Park,2012,8,72.60909090909091,44.427963,-110.588455,780286
Yellowstone National Park,2012,9,64.293,44.427963,-110.588455,527610
Yellowstone National Park,2012,10,42.77,44.427963,-110.588455,177069
Yellowstone National Park,2012,11,32.808,44.427963,-110.588455,14059
Yellowstone National Park,2012,12,23.802,44.427963,-110.588455,18472
Yellowstone National Park,2013,1,21.45,44.427963,-110.588455,24699
Yellowstone National Park,2013,2,25.13666666666667,44.427963,-110.588455,31053
Yellowstone National Park,2013,3,34.253,44.427963,-110.588455,18613
Yellowstone National Park,2013,4,38.751,44.427963,-110.588455,24606
Yellowstone National Park,2013,5,51.94454545454546,44.427963,-110.588455,293250
Yellowstone National Park,2013,6,65.221,44.427963,-110.588455,624429
Yellowstone National Park,2013,7,73.699,44.427963,-110.588455,812212
Yellowstone National Park,2013,8,73.27899999999998,44.427963,-110.588455,725136
Yellowstone National Park,2013,9,59.36900000000001,44.427963,-110.588455,557925
Yellowstone National Park,2013,10,43.2590909090909,44.427963,-110.588455,47560
Yellowstone National Park,2013,11,31.809,44.427963,-110.588455,11169
Yellowstone National Park,2013,12,18.393,44.427963,-110.588455,17378
Yellowstone National Park,2014,1,25.252,44.427963,-110.588455,26778
Yellowstone National Park,2014,2,22.826999999999998,44.427963,-110.588455,28233
Yellowstone National Park,2014,3,33.195,44.427963,-110.588455,18778
Yellowstone National Park,2014,4,41.217,44.427963,-110.588455,31356
Yellowstone National Park,2014,5,53.94200000000001,44.427963,-110.588455,310039
Yellowstone National Park,2014,6,57.037,44.427963,-110.588455,669642
Yellowstone National Park,2014,7,71.6381818181818,44.427963,-110.588455,858856
Yellowstone National Park,2014,8,63.697,44.427963,-110.588455,773357
Yellowstone National Park,2014,9,60.68600000000001,44.427963,-110.588455,571764
Yellowstone National Park,2014,10,50.411,44.427963,-110.588455,194804
Yellowstone National Park,2014,11,31.448,44.427963,-110.588455,11537
Yellowstone National Park,2014,12,26.37727272727273,44.427963,-110.588455,18340
Yellowstone National Park,2015,1,28.818,44.427963,-110.588455,28091
Yellowstone National Park,2015,2,33.86222222222222,44.427963,-110.588455,34343
Yellowstone National Park,2015,3,42.55,44.427963,-110.588455,22989
Yellowstone National Park,2015,4,42.972,44.427963,-110.588455,46600
Yellowstone National Park,2015,5,51.338999999999984,44.427963,-110.588455,386064
Yellowstone National Park,2015,6,69.045,44.427963,-110.588455,780768
Yellowstone National Park,2015,7,66.369,44.427963,-110.588455,980702
Yellowstone National Park,2015,8,70.0190909090909,44.427963,-110.588455,854408
Yellowstone National Park,2015,9,61.41,44.427963,-110.588455,680213
Yellowstone National Park,2015,10,50.108999999999995,44.427963,-110.588455,252013
Yellowstone National Park,2015,11,27.543000000000006,44.427963,-110.588455,11049
Yellowstone National Park,2015,12,20.817,44.427963,-110.588455,20470
Yellowstone National Park,2016,1,25.69272727272728,44.427963,-110.588455,30621
Yellowstone National Park,2016,2,32.03111111111111,44.427963,-110.588455,36327
Yellowstone National Park,2016,3,35.13545454545454,44.427963,-110.588455,22924
Yellowstone National Park,2016,4,46.53100000000001,44.427963,-110.588455,59253
Yellowstone National Park,2016,5,51.537,44.427963,-110.588455,444630
Yellowstone National Park,2016,6,68.836,44.427963,-110.588455,838316
Yellowstone National Park,2016,7,70.28200000000001,44.427963,-110.588455,995917
Yellowstone National Park,2016,8,70.63545454545455,44.427963,-110.588455,841036
Yellowstone National Park,2016,9,55.25899999999999,44.427963,-110.588455,701754
Yellowstone National Park,2016,10,43.75100000000001,44.427963,-110.588455,242004
Yellowstone National Park,2016,11,39.42,44.427963,-110.588455,24710
Yellowstone National Park,2016,12,15.325,44.427963,-110.588455,19685
Yellowstone National Park,2017,1,18.183636363636364,44.427963,-110.588455,29518
Yellowstone National Park,2017,2,29.991111111111113,44.427963,-110.588455,32275
Yellowstone National Park,2017,3,38.00400000000001,44.427963,-110.588455,23897
Yellowstone National Park,2017,4,42.94600000000001,44.427963,-110.588455,45160
Yellowstone National Park,2017,5,52.70272727272727,44.427963,-110.588455,419635
Yellowstone National Park,2017,6,62.112,44.427963,-110.588455,803652
Yellowstone National Park,2017,7,74.38,44.427963,-110.588455,962404
Yellowstone National Park,2017,8,69.315,44.427963,-110.588455,916166
Yellowstone National Park,2017,9,55.993,44.427963,-110.588455,640068
Yellowstone National Park,2017,10,44.58090909090909,44.427963,-110.588455,211987
Yellowstone National Park,2017,11,31.498,44.427963,-110.588455,10468
Yellowstone National Park,2017,12,24.506999999999998,44.427963,-110.588455,21294
Yellowstone National Park,2018,1,26.78,44.427963,-110.588455,29179
Yellowstone National Park,2018,2,21.307,44.427963,-110.588455,34263
Yellowstone National Park,2018,3,32.326,44.427963,-110.588455,22741
Yellowstone National Park,2018,4,40.243,44.427963,-110.588455,37766
Yellowstone National Park,2018,5,54.398,44.427963,-110.588455,446875
Yellowstone National Park,2018,6,59.992,44.427963,-110.588455,810884
Yellowstone National Park,2018,7,73.64818181818181,44.427963,-110.588455,940563
Yellowstone National Park,2018,8,69.03300000000002,44.427963,-110.588455,813970
Yellowstone National Park,2018,9,62.75000000000002,44.427963,-110.588455,724454
Yellowstone National Park,2018,10,45.040000000000006,44.427963,-110.588455,218076
Yellowstone National Park,2018,11,29.704999999999995,44.427963,-110.588455,13849
Yellowstone National Park,2018,12,21.31090909090909,44.427963,-110.588455,22380
Yosemite National Park,2009,1,42.03545454545454,37.8651011,-119.5383294,101984
Yosemite National Park,2009,2,34.846666666666664,37.8651011,-119.5383294,78795
Yosemite National Park,2009,3,40.60699999999999,37.8651011,-119.5383294,132711
Yosemite National Park,2009,4,46.93899999999999,37.8651011,-119.5383294,230828
Yosemite National Park,2009,5,57.91000000000001,37.8651011,-119.5383294,399683
Yosemite National Park,2009,6,57.293000000000006,37.8651011,-119.5383294,483382
Yosemite National Park,2009,7,71.264,37.8651011,-119.5383294,586591
Yosemite National Park,2009,8,68.214,37.8651011,-119.5383294,643300
Yosemite National Park,2009,9,69.196,37.8651011,-119.5383294,471530
Yosemite National Park,2009,10,48.21727272727273,37.8651011,-119.5383294,346826
Yosemite National Park,2009,11,43.977,37.8651011,-119.5383294,151297
Yosemite National Park,2009,12,33.431999999999995,37.8651011,-119.5383294,110545
Yosemite National Park,2010,1,37.333,37.8651011,-119.5383294,96089
Yosemite National Park,2010,2,38.847,37.8651011,-119.5383294,100379
Yosemite National Park,2010,3,40.08900000000001,37.8651011,-119.5383294,149651
Yosemite National Park,2010,4,41.14200000000001,37.8651011,-119.5383294,224461
Yosemite National Park,2010,5,45.66,37.8651011,-119.5383294,382414
Yosemite National Park,2010,6,59.501999999999995,37.8651011,-119.5383294,521059
Yosemite National Park,2010,7,70.57363636363638,37.8651011,-119.5383294,643566
Yosemite National Park,2010,8,68.303,37.8651011,-119.5383294,659857
Yosemite National Park,2010,9,66.52199999999999,37.8651011,-119.5383294,520210
Yosemite National Park,2010,10,50.922,37.8651011,-119.5383294,356370
Yosemite National Park,2010,11,40.268,37.8651011,-119.5383294,148459
Yosemite National Park,2010,12,36.56727272727272,37.8651011,-119.5383294,98893
Yosemite National Park,2011,1,41.50299999999999,37.8651011,-119.5383294,100718
Yosemite National Park,2011,2,32.06777777777777,37.8651011,-119.5383294,93588
Yosemite National Park,2011,3,38.49818181818182,37.8651011,-119.5383294,100433
Yosemite National Park,2011,4,44.26,37.8651011,-119.5383294,231372
Yosemite National Park,2011,5,46.68,37.8651011,-119.5383294,356588
Yosemite National Park,2011,6,58.151,37.8651011,-119.5383294,503741
Yosemite National Park,2011,7,68.843,37.8651011,-119.5383294,704553
Yosemite National Park,2011,8,69.99636363636365,37.8651011,-119.5383294,699749
Yosemite National Park,2011,9,66.18299999999999,37.8651011,-119.5383294,533502
Yosemite National Park,2011,10,55.539,37.8651011,-119.5383294,360449
Yosemite National Park,2011,11,42.077,37.8651011,-119.5383294,139079
Yosemite National Park,2011,12,39.61900000000001,37.8651011,-119.5383294,127621
Yosemite National Park,2012,1,42.9209090909091,37.8651011,-119.5383294,120496
Yosemite National Park,2012,2,39.106666666666655,37.8651011,-119.5383294,113341
Yosemite National Park,2012,3,37.57545454545455,37.8651011,-119.5383294,136687
Yosemite National Park,2012,4,50.676,37.8651011,-119.5383294,243102
Yosemite National Park,2012,5,57.852,37.8651011,-119.5383294,356500
Yosemite National Park,2012,6,63.077,37.8651011,-119.5383294,528186
Yosemite National Park,2012,7,70.498,37.8651011,-119.5383294,623101
Yosemite National Park,2012,8,73.0109090909091,37.8651011,-119.5383294,660118
Yosemite National Park,2012,9,69.388,37.8651011,-119.5383294,482004
Yosemite National Park,2012,10,55.34,37.8651011,-119.5383294,322687
Yosemite National Park,2012,11,45.212,37.8651011,-119.5383294,141868
Yosemite National Park,2012,12,31.468000000000004,37.8651011,-119.5383294,125314
Yosemite National Park,2013,1,36.972727272727276,37.8651011,-119.5383294,103910
Yosemite National Park,2013,2,40.29,37.8651011,-119.5383294,114440
Yosemite National Park,2013,3,46.68,37.8651011,-119.5383294,165409
Yosemite National Park,2013,4,50.065,37.8651011,-119.5383294,231178
Yosemite National Park,2013,5,54.62,37.8651011,-119.5383294,370422
Yosemite National Park,2013,6,66.70700000000001,37.8651011,-119.5383294,508941
Yosemite National Park,2013,7,73.49000000000002,37.8651011,-119.5383294,611538
Yosemite National Park,2013,8,70.042,37.8651011,-119.5383294,552137
Yosemite National Park,2013,9,63.867,37.8651011,-119.5383294,460855
Yosemite National Park,2013,10,52.222727272727276,37.8651011,-119.5383294,279526
Yosemite National Park,2013,11,45.306999999999995,37.8651011,-119.5383294,161356
Yosemite National Park,2013,12,42.205,37.8651011,-119.5383294,131479
Yosemite National Park,2014,1,46.026,37.8651011,-119.5383294,112133
Yosemite National Park,2014,2,40.083,37.8651011,-119.5383294,113403
Yosemite National Park,2014,3,44.347,37.8651011,-119.5383294,146750
Yosemite National Park,2014,4,50.617,37.8651011,-119.5383294,242722
Yosemite National Park,2014,5,55.174,37.8651011,-119.5383294,333308
Yosemite National Park,2014,6,65.779,37.8651011,-119.5383294,496363
Yosemite National Park,2014,7,71.78181818181817,37.8651011,-119.5383294,623663
Yosemite National Park,2014,8,68.283,37.8651011,-119.5383294,654157
Yosemite National Park,2014,9,65.93299999999999,37.8651011,-119.5383294,467205
Yosemite National Park,2014,10,60.56800000000001,37.8651011,-119.5383294,354769
Yosemite National Park,2014,11,46.06700000000001,37.8651011,-119.5383294,203678
Yosemite National Park,2014,12,36.35,37.8651011,-119.5383294,134491
Yosemite National Park,2015,1,44.276,37.8651011,-119.5383294,128318
Yosemite National Park,2015,2,47.63555555555556,37.8651011,-119.5383294,135316
Yosemite National Park,2015,3,50.44636363636364,37.8651011,-119.5383294,194667
Yosemite National Park,2015,4,49.956,37.8651011,-119.5383294,281328
Yosemite National Park,2015,5,49.986,37.8651011,-119.5383294,408121
Yosemite National Park,2015,6,68.899,37.8651011,-119.5383294,545231
Yosemite National Park,2015,7,67.35800000000002,37.8651011,-119.5383294,626009
Yosemite National Park,2015,8,71.70909090909089,37.8651011,-119.5383294,636936
Yosemite National Park,2015,9,66.42999999999999,37.8651011,-119.5383294,527402
Yosemite National Park,2015,10,57.104,37.8651011,-119.5383294,357223
Yosemite National Park,2015,11,39.858,37.8651011,-119.5383294,169425
Yosemite National Park,2015,12,32.709,37.8651011,-119.5383294,140241
Yosemite National Park,2016,1,31.982727272727274,37.8651011,-119.5383294,139780
Yosemite National Park,2016,2,47.31,37.8651011,-119.5383294,201601
Yosemite National Park,2016,3,42.5309090909091,37.8651011,-119.5383294,286990
Yosemite National Park,2016,4,48.75400000000001,37.8651011,-119.5383294,305092
Yosemite National Park,2016,5,52.89,37.8651011,-119.5383294,457309
Yosemite National Park,2016,6,67.36499999999998,37.8651011,-119.5383294,703614
Yosemite National Park,2016,7,73.40299999999998,37.8651011,-119.5383294,780728
Yosemite National Park,2016,8,72.70636363636362,37.8651011,-119.5383294,692450
Yosemite National Park,2016,9,64.482,37.8651011,-119.5383294,598428
Yosemite National Park,2016,10,50.24,37.8651011,-119.5383294,483232
Yosemite National Park,2016,11,45.65,37.8651011,-119.5383294,218998
Yosemite National Park,2016,12,36.712,37.8651011,-119.5383294,160646
Yosemite National Park,2017,1,31.67636363636364,37.8651011,-119.5383294,120025
Yosemite National Park,2017,2,33.53,37.8651011,-119.5383294,119421
Yosemite National Park,2017,3,46.63800000000001,37.8651011,-119.5383294,166793
Yosemite National Park,2017,4,45.518,37.8651011,-119.5383294,302553
Yosemite National Park,2017,5,54.92454545454545,37.8651011,-119.5383294,471844
Yosemite National Park,2017,6,66.523,37.8651011,-119.5383294,565702
Yosemite National Park,2017,7,73.869,37.8651011,-119.5383294,633351
Yosemite National Park,2017,8,71.691,37.8651011,-119.5383294,615892
Yosemite National Park,2017,9,61.992,37.8651011,-119.5383294,566279
Yosemite National Park,2017,10,60.33454545454545,37.8651011,-119.5383294,429827
Yosemite National Park,2017,11,45.02200000000001,37.8651011,-119.5383294,217927
Yosemite National Park,2017,12,45.45399999999999,37.8651011,-119.5383294,127276
Yosemite National Park,2018,1,42.846000000000004,37.8651011,-119.5383294,129432
Yosemite National Park,2018,2,39.040000000000006,37.8651011,-119.5383294,143321
Yosemite National Park,2018,3,38.917,37.8651011,-119.5383294,170681
Yosemite National Park,2018,4,50.977,37.8651011,-119.5383294,278349
Yosemite National Park,2018,5,55.362,37.8651011,-119.5383294,385670
Yosemite National Park,2018,6,67.988,37.8651011,-119.5383294,543690
Yosemite National Park,2018,7,75.75363636363637,37.8651011,-119.5383294,504230
Yosemite National Park,2018,8,73.008,37.8651011,-119.5383294,441867
Yosemite National Park,2018,9,68.57999999999998,37.8651011,-119.5383294,524387
Yosemite National Park,2018,10,54.992222222222225,37.8651011,-119.5383294,360776
Yosemite National Park,2018,11,48.72700000000001,37.8651011,-119.5383294,215854
Yosemite National Park,2018,12,36.05363636363636,37.8651011,-119.5383294,311179
Zion National Park,2009,1,45.03636363636363,37.29820220000001,-113.0263005,60204
Zion National Park,2009,2,42.64111111111111,37.29820220000001,-113.0263005,62964
Zion National Park,2009,3,51.79699999999999,37.29820220000001,-113.0263005,167246
Zion National Park,2009,4,54.51300000000001,37.29820220000001,-113.0263005,271709
Zion National Park,2009,5,70.38363636363638,37.29820220000001,-113.0263005,296330
Zion National Park,2009,6,72.554,37.29820220000001,-113.0263005,366004
Zion National Park,2009,7,84.24799999999998,37.29820220000001,-113.0263005,368933
Zion National Park,2009,8,81.74199999999998,37.29820220000001,-113.0263005,372157
Zion National Park,2009,9,76.65599999999998,37.29820220000001,-113.0263005,306161
Zion National Park,2009,10,56.89818181818182,37.29820220000001,-113.0263005,265095
Zion National Park,2009,11,53.417,37.29820220000001,-113.0263005,132998
Zion National Park,2009,12,35.23699999999999,37.29820220000001,-113.0263005,65601
Zion National Park,2010,1,42.844,37.29820220000001,-113.0263005,54928
Zion National Park,2010,2,41.91700000000001,37.29820220000001,-113.0263005,62099
Zion National Park,2010,3,50.805,37.29820220000001,-113.0263005,171079
Zion National Park,2010,4,54.75,37.29820220000001,-113.0263005,277599
Zion National Park,2010,5,59.149,37.29820220000001,-113.0263005,304278
Zion National Park,2010,6,76.91,37.29820220000001,-113.0263005,331185
Zion National Park,2010,7,84.23363636363636,37.29820220000001,-113.0263005,362881
Zion National Park,2010,8,81.572,37.29820220000001,-113.0263005,332796
Zion National Park,2010,9,80.14899999999999,37.29820220000001,-113.0263005,319838
Zion National Park,2010,10,61.372,37.29820220000001,-113.0263005,236316
Zion National Park,2010,11,46.72,37.29820220000001,-113.0263005,143272
Zion National Park,2010,12,43.73454545454546,37.29820220000001,-113.0263005,69701
Zion National Park,2011,1,43.786,37.29820220000001,-113.0263005,64524
Zion National Park,2011,2,38.1,37.29820220000001,-113.0263005,67801
Zion National Park,2011,3,50.01090909090909,37.29820220000001,-113.0263005,164037
Zion National Park,2011,4,51.349,37.29820220000001,-113.0263005,255813
Zion National Park,2011,5,60.64100000000001,37.29820220000001,-113.0263005,325089
Zion National Park,2011,6,75.92399999999998,37.29820220000001,-113.0263005,376453
Zion National Park,2011,7,81.92800000000003,37.29820220000001,-113.0263005,391144
Zion National Park,2011,8,85.51181818181819,37.29820220000001,-113.0263005,360196
Zion National Park,2011,9,76.38399999999999,37.29820220000001,-113.0263005,324727
Zion National Park,2011,10,63.052,37.29820220000001,-113.0263005,273876
Zion National Park,2011,11,47.422,37.29820220000001,-113.0263005,145158
Zion National Park,2011,12,39.70500000000001,37.29820220000001,-113.0263005,76687
Zion National Park,2012,1,45.80272727272728,37.29820220000001,-113.0263005,68202
Zion National Park,2012,2,42.82,37.29820220000001,-113.0263005,74382
Zion National Park,2012,3,53.21909090909091,37.29820220000001,-113.0263005,165242
Zion National Park,2012,4,61.355,37.29820220000001,-113.0263005,352192
Zion National Park,2012,5,72.06199999999998,37.29820220000001,-113.0263005,343488
Zion National Park,2012,6,82.58800000000002,37.29820220000001,-113.0263005,370280
Zion National Park,2012,7,83.08099999999997,37.29820220000001,-113.0263005,392359
Zion National Park,2012,8,82.19454545454545,37.29820220000001,-113.0263005,364857
Zion National Park,2012,9,77.45,37.29820220000001,-113.0263005,355140
Zion National Park,2012,10,63.399,37.29820220000001,-113.0263005,276134
Zion National Park,2012,11,54.387,37.29820220000001,-113.0263005,140350
Zion National Park,2012,12,40.510999999999996,37.29820220000001,-113.0263005,70981
Zion National Park,2013,1,38.09090909090909,37.29820220000001,-113.0263005,56972
Zion National Park,2013,2,39.53333333333333,37.29820220000001,-113.0263005,64994
Zion National Park,2013,3,55.053999999999995,37.29820220000001,-113.0263005,227899
Zion National Park,2013,4,59.84,37.29820220000001,-113.0263005,292765
Zion National Park,2013,5,67.69000000000001,37.29820220000001,-113.0263005,313594
Zion National Park,2013,6,84.822,37.29820220000001,-113.0263005,367217
Zion National Park,2013,7,84.17299999999999,37.29820220000001,-113.0263005,379129
Zion National Park,2013,8,81.25699999999998,37.29820220000001,-113.0263005,345014
Zion National Park,2013,9,70.191,37.29820220000001,-113.0263005,339593
Zion National Park,2013,10,57.57454545454545,37.29820220000001,-113.0263005,203056
Zion National Park,2013,11,51.593999999999994,37.29820220000001,-113.0263005,141251
Zion National Park,2013,12,40.964,37.29820220000001,-113.0263005,75903
Zion National Park,2014,1,48.984,37.29820220000001,-113.0263005,70862
Zion National Park,2014,2,47.62300000000001,37.29820220000001,-113.0263005,74625
Zion National Park,2014,3,52.718,37.29820220000001,-113.0263005,226424
Zion National Park,2014,4,57.047,37.29820220000001,-113.0263005,312381
Zion National Park,2014,5,67.26700000000001,37.29820220000001,-113.0263005,391969
Zion National Park,2014,6,80.725,37.29820220000001,-113.0263005,397753
Zion National Park,2014,7,83.98363636363636,37.29820220000001,-113.0263005,407153
Zion National Park,2014,8,76.638,37.29820220000001,-113.0263005,391973
Zion National Park,2014,9,76.07600000000002,37.29820220000001,-113.0263005,340855
Zion National Park,2014,10,67.456,37.29820220000001,-113.0263005,304108
Zion National Park,2014,11,52.05,37.29820220000001,-113.0263005,169607
Zion National Park,2014,12,41.82727272727273,37.29820220000001,-113.0263005,101986
Zion National Park,2015,1,46.459,37.29820220000001,-113.0263005,78318
Zion National Park,2015,2,52.63,37.29820220000001,-113.0263005,106314
Zion National Park,2015,3,57.29181818181817,37.29820220000001,-113.0263005,291118
Zion National Park,2015,4,59.26600000000001,37.29820220000001,-113.0263005,392417
Zion National Park,2015,5,61.078,37.29820220000001,-113.0263005,400048
Zion National Park,2015,6,81.725,37.29820220000001,-113.0263005,458546
Zion National Park,2015,7,80.11600000000001,37.29820220000001,-113.0263005,479538
Zion National Park,2015,8,81.63090909090909,37.29820220000001,-113.0263005,455487
Zion National Park,2015,9,77.905,37.29820220000001,-113.0263005,394201
Zion National Park,2015,10,63.574,37.29820220000001,-113.0263005,314966
Zion National Park,2015,11,46.557,37.29820220000001,-113.0263005,180390
Zion National Park,2015,12,37.61800000000001,37.29820220000001,-113.0263005,97503
Zion National Park,2016,1,39.77181818181818,37.29820220000001,-113.0263005,84145
Zion National Park,2016,2,52.24555555555556,37.29820220000001,-113.0263005,117510
Zion National Park,2016,3,54.51636363636363,37.29820220000001,-113.0263005,359920
Zion National Park,2016,4,56.66799999999999,37.29820220000001,-113.0263005,395768
Zion National Park,2016,5,64.77600000000001,37.29820220000001,-113.0263005,447976
Zion National Park,2016,6,84.21000000000002,37.29820220000001,-113.0263005,544890
Zion National Park,2016,7,85.49999999999999,37.29820220000001,-113.0263005,599961
Zion National Park,2016,8,77.82545454545453,37.29820220000001,-113.0263005,477507
Zion National Park,2016,9,71.92599999999999,37.29820220000001,-113.0263005,497825
Zion National Park,2016,10,64.92099999999999,37.29820220000001,-113.0263005,412916
Zion National Park,2016,11,54.268,37.29820220000001,-113.0263005,232271
Zion National Park,2016,12,40.819,37.29820220000001,-113.0263005,124438
Zion National Park,2017,1,37.9690909090909,37.29820220000001,-113.0263005,88561
Zion National Park,2017,2,45.50555555555556,37.29820220000001,-113.0263005,110569
Zion National Park,2017,3,58.74499999999999,37.29820220000001,-113.0263005,345476
Zion National Park,2017,4,57.19300000000001,37.29820220000001,-113.0263005,515652
Zion National Park,2017,5,66.78454545454545,37.29820220000001,-113.0263005,509017
Zion National Park,2017,6,83.309,37.29820220000001,-113.0263005,533252
Zion National Park,2017,7,85.52099999999999,37.29820220000001,-113.0263005,576349
Zion National Park,2017,8,82.09299999999998,37.29820220000001,-113.0263005,529684
Zion National Park,2017,9,72.595,37.29820220000001,-113.0263005,512940
Zion National Park,2017,10,66.89181818181817,37.29820220000001,-113.0263005,422377
Zion National Park,2017,11,57.50500000000001,37.29820220000001,-113.0263005,222069
Zion National Park,2017,12,48.038,37.29820220000001,-113.0263005,138866
Zion National Park,2018,1,46.54600000000001,37.29820220000001,-113.0263005,107960
Zion National Park,2018,2,44.132,37.29820220000001,-113.0263005,127790
Zion National Park,2018,3,50.60699999999999,37.29820220000001,-113.0263005,373523
Zion National Park,2018,4,62.51800000000001,37.29820220000001,-113.0263005,483487
Zion National Park,2018,5,69.571,37.29820220000001,-113.0263005,500118
Zion National Park,2018,6,82.37300000000002,37.29820220000001,-113.0263005,541464
Zion National Park,2018,7,86.08363636363634,37.29820220000001,-113.0263005,500350
Zion National Park,2018,8,82.84,37.29820220000001,-113.0263005,459415
Zion National Park,2018,9,78.09400000000002,37.29820220000001,-113.0263005,481507
Zion National Park,2018,10,56.22111111111111,37.29820220000001,-113.0263005,377826
Zion National Park,2018,11,50.36899999999999,37.29820220000001,-113.0263005,218799
Zion National Park,2018,12,39.346363636363634,37.29820220000001,-113.0263005,147794
