Park,Year,Month,Temp,Vistors,Lat,Lng
Acadia National Park,2009,1,21.501818181818184,,44.3385559,-68.27333459999998
Acadia National Park,2009,2,28.77,,44.3385559,-68.27333459999998
Acadia National Park,2009,3,32.955999999999996,,44.3385559,-68.27333459999998
Acadia National Park,2009,4,45.278,,44.3385559,-68.27333459999998
Acadia National Park,2009,5,54.89727272727273,,44.3385559,-68.27333459999998
Acadia National Park,2009,6,59.15,,44.3385559,-68.27333459999998
Acadia National Park,2009,7,62.654,,44.3385559,-68.27333459999998
Acadia National Park,2009,8,68.203,,44.3385559,-68.27333459999998
Acadia National Park,2009,9,59.403,,44.3385559,-68.27333459999998
Acadia National Park,2009,10,48.86727272727274,,44.3385559,-68.27333459999998
Acadia National Park,2009,11,46.556999999999995,,44.3385559,-68.27333459999998
Acadia National Park,2009,12,31.283,,44.3385559,-68.27333459999998
Acadia National Park,2010,1,25.784000000000002,,44.3385559,-68.27333459999998
Acadia National Park,2010,2,30.441000000000006,,44.3385559,-68.27333459999998
Acadia National Park,2010,3,40.68,,44.3385559,-68.27333459999998
Acadia National Park,2010,4,49.76600000000001,,44.3385559,-68.27333459999998
Acadia National Park,2010,5,58.117,,44.3385559,-68.27333459999998
Acadia National Park,2010,6,63.31100000000001,,44.3385559,-68.27333459999998
Acadia National Park,2010,7,69.31090909090909,,44.3385559,-68.27333459999998
Acadia National Park,2010,8,69.67200000000001,,44.3385559,-68.27333459999998
Acadia National Park,2010,9,62.88099999999999,,44.3385559,-68.27333459999998
Acadia National Park,2010,10,54.11600000000001,,44.3385559,-68.27333459999998
Acadia National Park,2010,11,41.287,,44.3385559,-68.27333459999998
Acadia National Park,2010,12,30.59727272727273,,44.3385559,-68.27333459999998
Acadia National Park,2011,1,24.576,,44.3385559,-68.27333459999998
Acadia National Park,2011,2,28.72666666666667,,44.3385559,-68.27333459999998
Acadia National Park,2011,3,34.33727272727273,,44.3385559,-68.27333459999998
Acadia National Park,2011,4,46.31699999999999,,44.3385559,-68.27333459999998
Acadia National Park,2011,5,53.547,,44.3385559,-68.27333459999998
Acadia National Park,2011,6,58.63,,44.3385559,-68.27333459999998
Acadia National Park,2011,7,70.249,,44.3385559,-68.27333459999998
Acadia National Park,2011,8,66.33090909090909,,44.3385559,-68.27333459999998
Acadia National Park,2011,9,64.15299999999999,,44.3385559,-68.27333459999998
Acadia National Park,2011,10,52.176,,44.3385559,-68.27333459999998
Acadia National Park,2011,11,46.33200000000001,,44.3385559,-68.27333459999998
Acadia National Park,2011,12,32.21300000000001,,44.3385559,-68.27333459999998
Acadia National Park,2012,1,28.925454545454546,,44.3385559,-68.27333459999998
Acadia National Park,2012,2,31.540000000000006,,44.3385559,-68.27333459999998
Acadia National Park,2012,3,40.27090909090909,,44.3385559,-68.27333459999998
Acadia National Park,2012,4,47.21300000000001,,44.3385559,-68.27333459999998
Acadia National Park,2012,5,56.54600000000001,,44.3385559,-68.27333459999998
Acadia National Park,2012,6,62.24100000000001,,44.3385559,-68.27333459999998
Acadia National Park,2012,7,69.97200000000001,,44.3385559,-68.27333459999998
Acadia National Park,2012,8,69.68454545454546,,44.3385559,-68.27333459999998
Acadia National Park,2012,9,61.203,,44.3385559,-68.27333459999998
Acadia National Park,2012,10,56.361999999999995,,44.3385559,-68.27333459999998
Acadia National Park,2012,11,40.657,,44.3385559,-68.27333459999998
Acadia National Park,2012,12,35.415000000000006,,44.3385559,-68.27333459999998
Acadia National Park,2013,1,28.321818181818177,,44.3385559,-68.27333459999998
Acadia National Park,2013,2,29.33777777777778,,44.3385559,-68.27333459999998
Acadia National Park,2013,3,37.037,,44.3385559,-68.27333459999998
Acadia National Park,2013,4,44.998999999999995,,44.3385559,-68.27333459999998
Acadia National Park,2013,5,56.04636363636364,,44.3385559,-68.27333459999998
Acadia National Park,2013,6,62.868,,44.3385559,-68.27333459999998
Acadia National Park,2013,7,72.65899999999998,,44.3385559,-68.27333459999998
Acadia National Park,2013,8,66.59599999999999,,44.3385559,-68.27333459999998
Acadia National Park,2013,9,63.583999999999996,,44.3385559,-68.27333459999998
Acadia National Park,2013,10,55.34727272727273,,44.3385559,-68.27333459999998
Acadia National Park,2013,11,39.819,,44.3385559,-68.27333459999998
Acadia National Park,2013,12,27.704,,44.3385559,-68.27333459999998
Acadia National Park,2014,1,25.367,,44.3385559,-68.27333459999998
Acadia National Park,2014,2,26.463,,44.3385559,-68.27333459999998
Acadia National Park,2014,3,29.438000000000002,,44.3385559,-68.27333459999998
Acadia National Park,2014,4,44.209,,44.3385559,-68.27333459999998
Acadia National Park,2014,5,56.298,,44.3385559,-68.27333459999998
Acadia National Park,2014,6,64.345,,44.3385559,-68.27333459999998
Acadia National Park,2014,7,68.71818181818183,,44.3385559,-68.27333459999998
Acadia National Park,2014,8,68.158,,44.3385559,-68.27333459999998
Acadia National Park,2014,9,61.983,,44.3385559,-68.27333459999998
Acadia National Park,2014,10,54.411000000000016,,44.3385559,-68.27333459999998
Acadia National Park,2014,11,39.077,,44.3385559,-68.27333459999998
Acadia National Park,2014,12,36.00727272727273,,44.3385559,-68.27333459999998
Acadia National Park,2015,1,23.966999999999995,,44.3385559,-68.27333459999998
Acadia National Park,2015,2,14.846666666666668,,44.3385559,-68.27333459999998
Acadia National Park,2015,3,31.25090909090909,,44.3385559,-68.27333459999998
Acadia National Park,2015,4,44.64,,44.3385559,-68.27333459999998
Acadia National Park,2015,5,58.56499999999998,,44.3385559,-68.27333459999998
Acadia National Park,2015,6,58.854000000000006,,44.3385559,-68.27333459999998
Acadia National Park,2015,7,69.79100000000001,,44.3385559,-68.27333459999998
Acadia National Park,2015,8,71.1,,44.3385559,-68.27333459999998
Acadia National Park,2015,9,68.91,,44.3385559,-68.27333459999998
Acadia National Park,2015,10,49.902,,44.3385559,-68.27333459999998
Acadia National Park,2015,11,43.34599999999999,,44.3385559,-68.27333459999998
Acadia National Park,2015,12,37.876,,44.3385559,-68.27333459999998
Acadia National Park,2016,1,29.011818181818185,,44.3385559,-68.27333459999998
Acadia National Park,2016,2,28.35777777777778,,44.3385559,-68.27333459999998
Acadia National Park,2016,3,38.15818181818181,,44.3385559,-68.27333459999998
Acadia National Park,2016,4,45.93999999999999,,44.3385559,-68.27333459999998
Acadia National Park,2016,5,55.227,,44.3385559,-68.27333459999998
Acadia National Park,2016,6,62.449,,44.3385559,-68.27333459999998
Acadia National Park,2016,7,70.25800000000001,,44.3385559,-68.27333459999998
Acadia National Park,2016,8,70.4718181818182,,44.3385559,-68.27333459999998
Acadia National Park,2016,9,64.81099999999999,,44.3385559,-68.27333459999998
Acadia National Park,2016,10,53.165,,44.3385559,-68.27333459999998
Acadia National Park,2016,11,46.74,,44.3385559,-68.27333459999998
Acadia National Park,2016,12,32.785,,44.3385559,-68.27333459999998
Acadia National Park,2017,1,31.683636363636364,,44.3385559,-68.27333459999998
Acadia National Park,2017,2,30.424444444444447,,44.3385559,-68.27333459999998
Acadia National Park,2017,3,30.643,,44.3385559,-68.27333459999998
Acadia National Park,2017,4,45.041,,44.3385559,-68.27333459999998
Acadia National Park,2017,5,54.34545454545454,,44.3385559,-68.27333459999998
Acadia National Park,2017,6,63.655,,44.3385559,-68.27333459999998
Acadia National Park,2017,7,69.12,,44.3385559,-68.27333459999998
Acadia National Park,2017,8,70.27000000000001,,44.3385559,-68.27333459999998
Acadia National Park,2017,9,65.663,,44.3385559,-68.27333459999998
Acadia National Park,2017,10,59.03,,44.3385559,-68.27333459999998
Acadia National Park,2017,11,42.446999999999996,,44.3385559,-68.27333459999998
Acadia National Park,2017,12,26.076,,44.3385559,-68.27333459999998
Acadia National Park,2018,1,25.885,,44.3385559,-68.27333459999998
Acadia National Park,2018,2,34.297999999999995,,44.3385559,-68.27333459999998
Acadia National Park,2018,3,36.343,,44.3385559,-68.27333459999998
Acadia National Park,2018,4,42.264,,44.3385559,-68.27333459999998
Acadia National Park,2018,5,64.193,,44.3385559,-68.27333459999998
Acadia National Park,2018,6,64.87500000000001,,44.3385559,-68.27333459999998
Acadia National Park,2018,7,75.35000000000002,,44.3385559,-68.27333459999998
Acadia National Park,2018,8,74.69699999999997,,44.3385559,-68.27333459999998
Acadia National Park,2018,9,66.61000000000001,,44.3385559,-68.27333459999998
Acadia National Park,2018,10,49.74500000000001,,44.3385559,-68.27333459999998
Acadia National Park,2018,11,38.07100000000001,,44.3385559,-68.27333459999998
Acadia National Park,2018,12,31.49,,44.3385559,-68.27333459999998
Glacier National Park,2009,1,27.726363636363637,,48.7596128,-113.7870225
Glacier National Park,2009,2,32.84333333333333,,48.7596128,-113.7870225
Glacier National Park,2009,3,30.335000000000008,,48.7596128,-113.7870225
Glacier National Park,2009,4,43.98899999999999,,48.7596128,-113.7870225
Glacier National Park,2009,5,53.88272727272727,,48.7596128,-113.7870225
Glacier National Park,2009,6,61.93899999999999,,48.7596128,-113.7870225
Glacier National Park,2009,7,70.73300000000002,,48.7596128,-113.7870225
Glacier National Park,2009,8,68.99699999999999,,48.7596128,-113.7870225
Glacier National Park,2009,9,68.807,,48.7596128,-113.7870225
Glacier National Park,2009,10,35.694545454545455,,48.7596128,-113.7870225
Glacier National Park,2009,11,34.33399999999999,,48.7596128,-113.7870225
Glacier National Park,2009,12,16.901,,48.7596128,-113.7870225
Glacier National Park,2010,1,29.664,,48.7596128,-113.7870225
Glacier National Park,2010,2,34.760999999999996,,48.7596128,-113.7870225
Glacier National Park,2010,3,42.03999999999999,,48.7596128,-113.7870225
Glacier National Park,2010,4,45.555,,48.7596128,-113.7870225
Glacier National Park,2010,5,48.338,,48.7596128,-113.7870225
Glacier National Park,2010,6,58.96400000000001,,48.7596128,-113.7870225
Glacier National Park,2010,7,68.11090909090909,,48.7596128,-113.7870225
Glacier National Park,2010,8,67.75500000000001,,48.7596128,-113.7870225
Glacier National Park,2010,9,53.589,,48.7596128,-113.7870225
Glacier National Park,2010,10,49.99800000000001,,48.7596128,-113.7870225
Glacier National Park,2010,11,28.716,,48.7596128,-113.7870225
Glacier National Park,2010,12,26.175454545454546,,48.7596128,-113.7870225
Glacier National Park,2011,1,25.325,,48.7596128,-113.7870225
Glacier National Park,2011,2,20.97555555555556,,48.7596128,-113.7870225
Glacier National Park,2011,3,31.66,,48.7596128,-113.7870225
Glacier National Park,2011,4,39.238,,48.7596128,-113.7870225
Glacier National Park,2011,5,49.981,,48.7596128,-113.7870225
Glacier National Park,2011,6,56.913999999999994,,48.7596128,-113.7870225
Glacier National Park,2011,7,68.285,,48.7596128,-113.7870225
Glacier National Park,2011,8,73.8718181818182,,48.7596128,-113.7870225
Glacier National Park,2011,9,68.54799999999999,,48.7596128,-113.7870225
Glacier National Park,2011,10,46.443999999999996,,48.7596128,-113.7870225
Glacier National Park,2011,11,33.09,,48.7596128,-113.7870225
Glacier National Park,2011,12,28.403,,48.7596128,-113.7870225
Glacier National Park,2012,1,24.25818181818181,,48.7596128,-113.7870225
Glacier National Park,2012,2,29.55,,48.7596128,-113.7870225
Glacier National Park,2012,3,38.57818181818182,,48.7596128,-113.7870225
Glacier National Park,2012,4,45.713,,48.7596128,-113.7870225
Glacier National Park,2012,5,53.07899999999999,,48.7596128,-113.7870225
Glacier National Park,2012,6,56.993,,48.7596128,-113.7870225
Glacier National Park,2012,7,74.23899999999999,,48.7596128,-113.7870225
Glacier National Park,2012,8,76.85363636363638,,48.7596128,-113.7870225
Glacier National Park,2012,9,66.47,,48.7596128,-113.7870225
Glacier National Park,2012,10,42.30999999999999,,48.7596128,-113.7870225
Glacier National Park,2012,11,36.438,,48.7596128,-113.7870225
Glacier National Park,2012,12,26.194000000000003,,48.7596128,-113.7870225
Glacier National Park,2013,1,28.50454545454545,,48.7596128,-113.7870225
Glacier National Park,2013,2,30.77,,48.7596128,-113.7870225
Glacier National Park,2013,3,35.44099999999999,,48.7596128,-113.7870225
Glacier National Park,2013,4,42.501000000000005,,48.7596128,-113.7870225
Glacier National Park,2013,5,53.33,,48.7596128,-113.7870225
Glacier National Park,2013,6,63.633,,48.7596128,-113.7870225
Glacier National Park,2013,7,75.123,,48.7596128,-113.7870225
Glacier National Park,2013,8,71.54399999999998,,48.7596128,-113.7870225
Glacier National Park,2013,9,63.44199999999999,,48.7596128,-113.7870225
Glacier National Park,2013,10,43.20363636363636,,48.7596128,-113.7870225
Glacier National Park,2013,11,33.438,,48.7596128,-113.7870225
Glacier National Park,2013,12,22.109,,48.7596128,-113.7870225
Glacier National Park,2014,1,29.436,,48.7596128,-113.7870225
Glacier National Park,2014,2,17.585,,48.7596128,-113.7870225
Glacier National Park,2014,3,30.19,,48.7596128,-113.7870225
Glacier National Park,2014,4,44.98700000000001,,48.7596128,-113.7870225
Glacier National Park,2014,5,54.786,,48.7596128,-113.7870225
Glacier National Park,2014,6,59.517,,48.7596128,-113.7870225
Glacier National Park,2014,7,75.05909090909091,,48.7596128,-113.7870225
Glacier National Park,2014,8,69.104,,48.7596128,-113.7870225
Glacier National Park,2014,9,60.972,,48.7596128,-113.7870225
Glacier National Park,2014,10,50.7,,48.7596128,-113.7870225
Glacier National Park,2014,11,30.4,,48.7596128,-113.7870225
Glacier National Park,2014,12,27.51636363636363,,48.7596128,-113.7870225
Glacier National Park,2015,1,28.611,,48.7596128,-113.7870225
Glacier National Park,2015,2,34.205555555555556,,48.7596128,-113.7870225
Glacier National Park,2015,3,41.39181818181819,,48.7596128,-113.7870225
Glacier National Park,2015,4,47.06699999999999,,48.7596128,-113.7870225
Glacier National Park,2015,5,55.508,,48.7596128,-113.7870225
Glacier National Park,2015,6,70.325,,48.7596128,-113.7870225
Glacier National Park,2015,7,69.03900000000002,,48.7596128,-113.7870225
Glacier National Park,2015,8,74.83727272727273,,48.7596128,-113.7870225
Glacier National Park,2015,9,59.137,,48.7596128,-113.7870225
Glacier National Park,2015,10,51.437,,48.7596128,-113.7870225
Glacier National Park,2015,11,33.262,,48.7596128,-113.7870225
Glacier National Park,2015,12,26.51,,48.7596128,-113.7870225
Glacier National Park,2016,1,28.93,,48.7596128,-113.7870225
Glacier National Park,2016,2,36.367777777777775,,48.7596128,-113.7870225
Glacier National Park,2016,3,37.550909090909094,,48.7596128,-113.7870225
Glacier National Park,2016,4,52.84500000000001,,48.7596128,-113.7870225
Glacier National Park,2016,5,51.755,,48.7596128,-113.7870225
Glacier National Park,2016,6,64.65,,48.7596128,-113.7870225
Glacier National Park,2016,7,66.566,,48.7596128,-113.7870225
Glacier National Park,2016,8,67.32545454545453,,48.7596128,-113.7870225
Glacier National Park,2016,9,55.30200000000001,,48.7596128,-113.7870225
Glacier National Park,2016,10,44.99900000000001,,48.7596128,-113.7870225
Glacier National Park,2016,11,42.60600000000001,,48.7596128,-113.7870225
Glacier National Park,2016,12,15.448999999999998,,48.7596128,-113.7870225
Glacier National Park,2017,1,20.45090909090909,,48.7596128,-113.7870225
Glacier National Park,2017,2,26.18222222222223,,48.7596128,-113.7870225
Glacier National Park,2017,3,35.98900000000001,,48.7596128,-113.7870225
Glacier National Park,2017,4,43.781000000000006,,48.7596128,-113.7870225
Glacier National Park,2017,5,56.87363636363637,,48.7596128,-113.7870225
Glacier National Park,2017,6,65.533,,48.7596128,-113.7870225
Glacier National Park,2017,7,79.62899999999998,,48.7596128,-113.7870225
Glacier National Park,2017,8,71.73100000000002,,48.7596128,-113.7870225
Glacier National Park,2017,9,60.67999999999999,,48.7596128,-113.7870225
Glacier National Park,2017,10,44.89818181818182,,48.7596128,-113.7870225
Glacier National Park,2017,11,29.912,,48.7596128,-113.7870225
Glacier National Park,2017,12,22.198,,48.7596128,-113.7870225
Glacier National Park,2018,1,30.110000000000007,,48.7596128,-113.7870225
Glacier National Park,2018,2,22.205,,48.7596128,-113.7870225
Glacier National Park,2018,3,35.012,,48.7596128,-113.7870225
Glacier National Park,2018,4,41.303999999999995,,48.7596128,-113.7870225
Glacier National Park,2018,5,59.67499999999999,,48.7596128,-113.7870225
Glacier National Park,2018,6,58.646,,48.7596128,-113.7870225
Glacier National Park,2018,7,73.36090909090909,,48.7596128,-113.7870225
Glacier National Park,2018,8,70.508,,48.7596128,-113.7870225
Glacier National Park,2018,9,56.33999999999999,,48.7596128,-113.7870225
Glacier National Park,2018,10,45.89222222222222,,48.7596128,-113.7870225
Glacier National Park,2018,11,33.626000000000005,,48.7596128,-113.7870225
Glacier National Park,2018,12,26.29363636363637,,48.7596128,-113.7870225
Grand Canyon National Park,2009,1,58.17090909090909,,36.1069652,-112.11299720000001
Grand Canyon National Park,2009,2,55.87555555555557,,36.1069652,-112.11299720000001
Grand Canyon National Park,2009,3,65.48899999999999,,36.1069652,-112.11299720000001
Grand Canyon National Park,2009,4,66.639,,36.1069652,-112.11299720000001
Grand Canyon National Park,2009,5,82.61636363636362,,36.1069652,-112.11299720000001
Grand Canyon National Park,2009,6,84.406,,36.1069652,-112.11299720000001
Grand Canyon National Park,2009,7,96.13799999999999,,36.1069652,-112.11299720000001
Grand Canyon National Park,2009,8,94.153,,36.1069652,-112.11299720000001
Grand Canyon National Park,2009,9,85.84599999999998,,36.1069652,-112.11299720000001
Grand Canyon National Park,2009,10,69.89727272727272,,36.1069652,-112.11299720000001
Grand Canyon National Park,2009,11,65.41,,36.1069652,-112.11299720000001
Grand Canyon National Park,2009,12,48.071999999999996,,36.1069652,-112.11299720000001
Grand Canyon National Park,2010,1,54.242,,36.1069652,-112.11299720000001
Grand Canyon National Park,2010,2,52.646,,36.1069652,-112.11299720000001
Grand Canyon National Park,2010,3,62.88899999999999,,36.1069652,-112.11299720000001
Grand Canyon National Park,2010,4,66.66199999999999,,36.1069652,-112.11299720000001
Grand Canyon National Park,2010,5,73.464,,36.1069652,-112.11299720000001
Grand Canyon National Park,2010,6,88.91400000000002,,36.1069652,-112.11299720000001
Grand Canyon National Park,2010,7,92.3990909090909,,36.1069652,-112.11299720000001
Grand Canyon National Park,2010,8,90.294,,36.1069652,-112.11299720000001
Grand Canyon National Park,2010,9,91.003,,36.1069652,-112.11299720000001
Grand Canyon National Park,2010,10,72.078,,36.1069652,-112.11299720000001
Grand Canyon National Park,2010,11,57.395,,36.1069652,-112.11299720000001
Grand Canyon National Park,2010,12,55.82000000000001,,36.1069652,-112.11299720000001
Grand Canyon National Park,2011,1,54.70300000000001,,36.1069652,-112.11299720000001
Grand Canyon National Park,2011,2,49.945555555555565,,36.1069652,-112.11299720000001
Grand Canyon National Park,2011,3,63.56545454545455,,36.1069652,-112.11299720000001
Grand Canyon National Park,2011,4,65.78099999999999,,36.1069652,-112.11299720000001
Grand Canyon National Park,2011,5,74.11699999999998,,36.1069652,-112.11299720000001
Grand Canyon National Park,2011,6,89.21300000000002,,36.1069652,-112.11299720000001
Grand Canyon National Park,2011,7,91.72399999999999,,36.1069652,-112.11299720000001
Grand Canyon National Park,2011,8,94.08545454545455,,36.1069652,-112.11299720000001
Grand Canyon National Park,2011,9,83.50899999999999,,36.1069652,-112.11299720000001
Grand Canyon National Park,2011,10,74.262,,36.1069652,-112.11299720000001
Grand Canyon National Park,2011,11,58.50600000000001,,36.1069652,-112.11299720000001
Grand Canyon National Park,2011,12,50.81800000000001,,36.1069652,-112.11299720000001
Grand Canyon National Park,2012,1,57.60636363636362,,36.1069652,-112.11299720000001
Grand Canyon National Park,2012,2,54.42,,36.1069652,-112.11299720000001
Grand Canyon National Park,2012,3,63.643636363636354,,36.1069652,-112.11299720000001
Grand Canyon National Park,2012,4,73.671,,36.1069652,-112.11299720000001
Grand Canyon National Park,2012,5,83.71099999999998,,36.1069652,-112.11299720000001
Grand Canyon National Park,2012,6,95.383,,36.1069652,-112.11299720000001
Grand Canyon National Park,2012,7,90.337,,36.1069652,-112.11299720000001
Grand Canyon National Park,2012,8,90.81181818181818,,36.1069652,-112.11299720000001
Grand Canyon National Park,2012,9,85.69800000000002,,36.1069652,-112.11299720000001
Grand Canyon National Park,2012,10,75.52199999999999,,36.1069652,-112.11299720000001
Grand Canyon National Park,2012,11,66.535,,36.1069652,-112.11299720000001
Grand Canyon National Park,2012,12,51.001000000000005,,36.1069652,-112.11299720000001
Grand Canyon National Park,2013,1,49.80636363636364,,36.1069652,-112.11299720000001
Grand Canyon National Park,2013,2,48.91,,36.1069652,-112.11299720000001
Grand Canyon National Park,2013,3,66.232,,36.1069652,-112.11299720000001
Grand Canyon National Park,2013,4,72.37400000000002,,36.1069652,-112.11299720000001
Grand Canyon National Park,2013,5,81.53090909090908,,36.1069652,-112.11299720000001
Grand Canyon National Park,2013,6,95.694,,36.1069652,-112.11299720000001
Grand Canyon National Park,2013,7,91.912,,36.1069652,-112.11299720000001
Grand Canyon National Park,2013,8,89.596,,36.1069652,-112.11299720000001
Grand Canyon National Park,2013,9,81.34700000000002,,36.1069652,-112.11299720000001
Grand Canyon National Park,2013,10,68.5281818181818,,36.1069652,-112.11299720000001
Grand Canyon National Park,2013,11,60.75899999999999,,36.1069652,-112.11299720000001
Grand Canyon National Park,2013,12,54.57499999999999,,36.1069652,-112.11299720000001
Grand Canyon National Park,2014,1,59.77,,36.1069652,-112.11299720000001
Grand Canyon National Park,2014,2,59.196999999999996,,36.1069652,-112.11299720000001
Grand Canyon National Park,2014,3,64.61699999999999,,36.1069652,-112.11299720000001
Grand Canyon National Park,2014,4,67.852,,36.1069652,-112.11299720000001
Grand Canyon National Park,2014,5,77.381,,36.1069652,-112.11299720000001
Grand Canyon National Park,2014,6,93.47899999999998,,36.1069652,-112.11299720000001
Grand Canyon National Park,2014,7,94.05909090909093,,36.1069652,-112.11299720000001
Grand Canyon National Park,2014,8,87.26200000000001,,36.1069652,-112.11299720000001
Grand Canyon National Park,2014,9,85.925,,36.1069652,-112.11299720000001
Grand Canyon National Park,2014,10,77.44399999999997,,36.1069652,-112.11299720000001
Grand Canyon National Park,2014,11,64.54899999999999,,36.1069652,-112.11299720000001
Grand Canyon National Park,2014,12,51.60909090909092,,36.1069652,-112.11299720000001
Grand Canyon National Park,2015,1,55.622,,36.1069652,-112.11299720000001
Grand Canyon National Park,2015,2,63.31999999999999,,36.1069652,-112.11299720000001
Grand Canyon National Park,2015,3,67.86818181818182,,36.1069652,-112.11299720000001
Grand Canyon National Park,2015,4,69.78699999999999,,36.1069652,-112.11299720000001
Grand Canyon National Park,2015,5,70.25399999999999,,36.1069652,-112.11299720000001
Grand Canyon National Park,2015,6,92.678,,36.1069652,-112.11299720000001
Grand Canyon National Park,2015,7,90.411,,36.1069652,-112.11299720000001
Grand Canyon National Park,2015,8,89.09272727272726,,36.1069652,-112.11299720000001
Grand Canyon National Park,2015,9,87.74100000000001,,36.1069652,-112.11299720000001
Grand Canyon National Park,2015,10,72.502,,36.1069652,-112.11299720000001
Grand Canyon National Park,2015,11,57.96999999999999,,36.1069652,-112.11299720000001
Grand Canyon National Park,2015,12,48.159,,36.1069652,-112.11299720000001
Grand Canyon National Park,2016,1,51.06727272727273,,36.1069652,-112.11299720000001
Grand Canyon National Park,2016,2,64.55444444444444,,36.1069652,-112.11299720000001
Grand Canyon National Park,2016,3,67.10818181818182,,36.1069652,-112.11299720000001
Grand Canyon National Park,2016,4,69.31899999999999,,36.1069652,-112.11299720000001
Grand Canyon National Park,2016,5,75.892,,36.1069652,-112.11299720000001
Grand Canyon National Park,2016,6,96.81,,36.1069652,-112.11299720000001
Grand Canyon National Park,2016,7,97.263,,36.1069652,-112.11299720000001
Grand Canyon National Park,2016,8,88.79,,36.1069652,-112.11299720000001
Grand Canyon National Park,2016,9,82.90799999999999,,36.1069652,-112.11299720000001
Grand Canyon National Park,2016,10,77.47300000000001,,36.1069652,-112.11299720000001
Grand Canyon National Park,2016,11,62.99399999999999,,36.1069652,-112.11299720000001
Grand Canyon National Park,2016,12,53.81399999999999,,36.1069652,-112.11299720000001
Grand Canyon National Park,2017,1,48.53454545454545,,36.1069652,-112.11299720000001
Grand Canyon National Park,2017,2,55.93,,36.1069652,-112.11299720000001
Grand Canyon National Park,2017,3,68.777,,36.1069652,-112.11299720000001
Grand Canyon National Park,2017,4,69.406,,36.1069652,-112.11299720000001
Grand Canyon National Park,2017,5,76.92,,36.1069652,-112.11299720000001
Grand Canyon National Park,2017,6,95.64399999999999,,36.1069652,-112.11299720000001
Grand Canyon National Park,2017,7,93.45200000000001,,36.1069652,-112.11299720000001
Grand Canyon National Park,2017,8,90.67,,36.1069652,-112.11299720000001
Grand Canyon National Park,2017,9,84.44800000000002,,36.1069652,-112.11299720000001
Grand Canyon National Park,2017,10,78.62818181818182,,36.1069652,-112.11299720000001
Grand Canyon National Park,2017,11,68.87,,36.1069652,-112.11299720000001
Grand Canyon National Park,2017,12,59.826,,36.1069652,-112.11299720000001
Grand Canyon National Park,2018,1,57.83200000000001,,36.1069652,-112.11299720000001
Grand Canyon National Park,2018,2,57.16799999999999,,36.1069652,-112.11299720000001
Grand Canyon National Park,2018,3,61.39300000000001,,36.1069652,-112.11299720000001
Grand Canyon National Park,2018,4,73.88700000000001,,36.1069652,-112.11299720000001
Grand Canyon National Park,2018,5,81.516,,36.1069652,-112.11299720000001
Grand Canyon National Park,2018,6,94.04,,36.1069652,-112.11299720000001
Grand Canyon National Park,2018,7,94.26454545454544,,36.1069652,-112.11299720000001
Grand Canyon National Park,2018,8,91.572,,36.1069652,-112.11299720000001
Grand Canyon National Park,2018,9,88.728,,36.1069652,-112.11299720000001
Grand Canyon National Park,2018,10,65.20444444444446,,36.1069652,-112.11299720000001
Grand Canyon National Park,2018,11,61.586999999999996,,36.1069652,-112.11299720000001
Grand Canyon National Park,2018,12,51.76363636363637,,36.1069652,-112.11299720000001
Grand Teton National Park,2009,1,28.037272727272725,,43.7904282,-110.68176270000001
Grand Teton National Park,2009,2,30.13333333333333,,43.7904282,-110.68176270000001
Grand Teton National Park,2009,3,35.543,,43.7904282,-110.68176270000001
Grand Teton National Park,2009,4,45.292,,43.7904282,-110.68176270000001
Grand Teton National Park,2009,5,58.30181818181818,,43.7904282,-110.68176270000001
Grand Teton National Park,2009,6,61.088,,43.7904282,-110.68176270000001
Grand Teton National Park,2009,7,73.28699999999999,,43.7904282,-110.68176270000001
Grand Teton National Park,2009,8,71.671,,43.7904282,-110.68176270000001
Grand Teton National Park,2009,9,72.487,,43.7904282,-110.68176270000001
Grand Teton National Park,2009,10,41.14,,43.7904282,-110.68176270000001
Grand Teton National Park,2009,11,37.528,,43.7904282,-110.68176270000001
Grand Teton National Park,2009,12,19.39,,43.7904282,-110.68176270000001
Grand Teton National Park,2010,1,27.123999999999995,,43.7904282,-110.68176270000001
Grand Teton National Park,2010,2,29.714000000000002,,43.7904282,-110.68176270000001
Grand Teton National Park,2010,3,39.99,,43.7904282,-110.68176270000001
Grand Teton National Park,2010,4,45.153999999999996,,43.7904282,-110.68176270000001
Grand Teton National Park,2010,5,49.574,,43.7904282,-110.68176270000001
Grand Teton National Park,2010,6,61.106,,43.7904282,-110.68176270000001
Grand Teton National Park,2010,7,76.28363636363636,,43.7904282,-110.68176270000001
Grand Teton National Park,2010,8,72.01299999999998,,43.7904282,-110.68176270000001
Grand Teton National Park,2010,9,67.411,,43.7904282,-110.68176270000001
Grand Teton National Park,2010,10,54.419,,43.7904282,-110.68176270000001
Grand Teton National Park,2010,11,31.865,,43.7904282,-110.68176270000001
Grand Teton National Park,2010,12,26.844545454545454,,43.7904282,-110.68176270000001
Grand Teton National Park,2011,1,25.886000000000006,,43.7904282,-110.68176270000001
Grand Teton National Park,2011,2,23.36222222222223,,43.7904282,-110.68176270000001
Grand Teton National Park,2011,3,35.19181818181819,,43.7904282,-110.68176270000001
Grand Teton National Park,2011,4,37.922,,43.7904282,-110.68176270000001
Grand Teton National Park,2011,5,47.411,,43.7904282,-110.68176270000001
Grand Teton National Park,2011,6,61.552,,43.7904282,-110.68176270000001
Grand Teton National Park,2011,7,76.55999999999997,,43.7904282,-110.68176270000001
Grand Teton National Park,2011,8,75.79272727272728,,43.7904282,-110.68176270000001
Grand Teton National Park,2011,9,71.012,,43.7904282,-110.68176270000001
Grand Teton National Park,2011,10,50.361000000000004,,43.7904282,-110.68176270000001
Grand Teton National Park,2011,11,31.138,,43.7904282,-110.68176270000001
Grand Teton National Park,2011,12,22.183000000000003,,43.7904282,-110.68176270000001
Grand Teton National Park,2012,1,26.078181818181815,,43.7904282,-110.68176270000001
Grand Teton National Park,2012,2,28.657777777777767,,43.7904282,-110.68176270000001
Grand Teton National Park,2012,3,41.31181818181818,,43.7904282,-110.68176270000001
Grand Teton National Park,2012,4,47.907,,43.7904282,-110.68176270000001
Grand Teton National Park,2012,5,55.824,,43.7904282,-110.68176270000001
Grand Teton National Park,2012,6,71.03200000000002,,43.7904282,-110.68176270000001
Grand Teton National Park,2012,7,76.92399999999999,,43.7904282,-110.68176270000001
Grand Teton National Park,2012,8,78.68272727272728,,43.7904282,-110.68176270000001
Grand Teton National Park,2012,9,69.563,,43.7904282,-110.68176270000001
Grand Teton National Park,2012,10,49.071999999999996,,43.7904282,-110.68176270000001
Grand Teton National Park,2012,11,37.918,,43.7904282,-110.68176270000001
Grand Teton National Park,2012,12,25.756,,43.7904282,-110.68176270000001
Grand Teton National Park,2013,1,22.35727272727273,,43.7904282,-110.68176270000001
Grand Teton National Park,2013,2,27.81444444444445,,43.7904282,-110.68176270000001
Grand Teton National Park,2013,3,35.87699999999999,,43.7904282,-110.68176270000001
Grand Teton National Park,2013,4,42.774,,43.7904282,-110.68176270000001
Grand Teton National Park,2013,5,55.77272727272728,,43.7904282,-110.68176270000001
Grand Teton National Park,2013,6,71.112,,43.7904282,-110.68176270000001
Grand Teton National Park,2013,7,77.865,,43.7904282,-110.68176270000001
Grand Teton National Park,2013,8,78.655,,43.7904282,-110.68176270000001
Grand Teton National Park,2013,9,64.637,,43.7904282,-110.68176270000001
Grand Teton National Park,2013,10,47.54090909090908,,43.7904282,-110.68176270000001
Grand Teton National Park,2013,11,35.765,,43.7904282,-110.68176270000001
Grand Teton National Park,2013,12,21.307,,43.7904282,-110.68176270000001
Grand Teton National Park,2014,1,27.439,,43.7904282,-110.68176270000001
Grand Teton National Park,2014,2,27.638,,43.7904282,-110.68176270000001
Grand Teton National Park,2014,3,35.922,,43.7904282,-110.68176270000001
Grand Teton National Park,2014,4,43.599,,43.7904282,-110.68176270000001
Grand Teton National Park,2014,5,59.023,,43.7904282,-110.68176270000001
Grand Teton National Park,2014,6,63.226000000000006,,43.7904282,-110.68176270000001
Grand Teton National Park,2014,7,77.72545454545455,,43.7904282,-110.68176270000001
Grand Teton National Park,2014,8,70.08999999999999,,43.7904282,-110.68176270000001
Grand Teton National Park,2014,9,66.49000000000001,,43.7904282,-110.68176270000001
Grand Teton National Park,2014,10,56.181,,43.7904282,-110.68176270000001
Grand Teton National Park,2014,11,33.541000000000004,,43.7904282,-110.68176270000001
Grand Teton National Park,2014,12,28.888181818181817,,43.7904282,-110.68176270000001
Grand Teton National Park,2015,1,29.189,,43.7904282,-110.68176270000001
Grand Teton National Park,2015,2,35.23222222222221,,43.7904282,-110.68176270000001
Grand Teton National Park,2015,3,44.15363636363637,,43.7904282,-110.68176270000001
Grand Teton National Park,2015,4,46.567,,43.7904282,-110.68176270000001
Grand Teton National Park,2015,5,55.521,,43.7904282,-110.68176270000001
Grand Teton National Park,2015,6,74.09,,43.7904282,-110.68176270000001
Grand Teton National Park,2015,7,70.59700000000002,,43.7904282,-110.68176270000001
Grand Teton National Park,2015,8,76.02090909090909,,43.7904282,-110.68176270000001
Grand Teton National Park,2015,9,67.5,,43.7904282,-110.68176270000001
Grand Teton National Park,2015,10,54.792,,43.7904282,-110.68176270000001
Grand Teton National Park,2015,11,30.822000000000006,,43.7904282,-110.68176270000001
Grand Teton National Park,2015,12,22.892000000000003,,43.7904282,-110.68176270000001
Grand Teton National Park,2016,1,25.54727272727273,,43.7904282,-110.68176270000001
Grand Teton National Park,2016,2,33.01888888888889,,43.7904282,-110.68176270000001
Grand Teton National Park,2016,3,36.17636363636364,,43.7904282,-110.68176270000001
Grand Teton National Park,2016,4,49.87900000000001,,43.7904282,-110.68176270000001
Grand Teton National Park,2016,5,56.139,,43.7904282,-110.68176270000001
Grand Teton National Park,2016,6,73.94200000000002,,43.7904282,-110.68176270000001
Grand Teton National Park,2016,7,76.00699999999998,,43.7904282,-110.68176270000001
Grand Teton National Park,2016,8,75.39818181818181,,43.7904282,-110.68176270000001
Grand Teton National Park,2016,9,60.49400000000001,,43.7904282,-110.68176270000001
Grand Teton National Park,2016,10,48.18600000000001,,43.7904282,-110.68176270000001
Grand Teton National Park,2016,11,43.068000000000005,,43.7904282,-110.68176270000001
Grand Teton National Park,2016,12,17.326999999999998,,43.7904282,-110.68176270000001
Grand Teton National Park,2017,1,20.475454545454546,,43.7904282,-110.68176270000001
Grand Teton National Park,2017,2,31.84555555555555,,43.7904282,-110.68176270000001
Grand Teton National Park,2017,3,41.92099999999999,,43.7904282,-110.68176270000001
Grand Teton National Park,2017,4,46.147,,43.7904282,-110.68176270000001
Grand Teton National Park,2017,5,57.22545454545455,,43.7904282,-110.68176270000001
Grand Teton National Park,2017,6,67.684,,43.7904282,-110.68176270000001
Grand Teton National Park,2017,7,79.048,,43.7904282,-110.68176270000001
Grand Teton National Park,2017,8,73.562,,43.7904282,-110.68176270000001
Grand Teton National Park,2017,9,60.482000000000006,,43.7904282,-110.68176270000001
Grand Teton National Park,2017,10,48.72727272727273,,43.7904282,-110.68176270000001
Grand Teton National Park,2017,11,35.548,,43.7904282,-110.68176270000001
Grand Teton National Park,2017,12,28.311,,43.7904282,-110.68176270000001
Grand Teton National Park,2018,1,28.695,,43.7904282,-110.68176270000001
Grand Teton National Park,2018,2,25.141,,43.7904282,-110.68176270000001
Grand Teton National Park,2018,3,34.326,,43.7904282,-110.68176270000001
Grand Teton National Park,2018,4,43.195,,43.7904282,-110.68176270000001
Grand Teton National Park,2018,5,59.08,,43.7904282,-110.68176270000001
Grand Teton National Park,2018,6,65.08,,43.7904282,-110.68176270000001
Grand Teton National Park,2018,7,76.86454545454545,,43.7904282,-110.68176270000001
Grand Teton National Park,2018,8,72.616,,43.7904282,-110.68176270000001
Grand Teton National Park,2018,9,68.102,,43.7904282,-110.68176270000001
Grand Teton National Park,2018,10,47.952222222222225,,43.7904282,-110.68176270000001
Grand Teton National Park,2018,11,32.230000000000004,,43.7904282,-110.68176270000001
Grand Teton National Park,2018,12,23.92,,43.7904282,-110.68176270000001
Great Smoky Mountains National Park,2009,1,38.94272727272728,,35.6117644,-83.4895449
Great Smoky Mountains National Park,2009,2,45.97666666666666,,35.6117644,-83.4895449
Great Smoky Mountains National Park,2009,3,50.342,,35.6117644,-83.4895449
Great Smoky Mountains National Park,2009,4,56.661,,35.6117644,-83.4895449
Great Smoky Mountains National Park,2009,5,66.98,,35.6117644,-83.4895449
Great Smoky Mountains National Park,2009,6,74.514,,35.6117644,-83.4895449
Great Smoky Mountains National Park,2009,7,70.91199999999999,,35.6117644,-83.4895449
Great Smoky Mountains National Park,2009,8,73.01899999999998,,35.6117644,-83.4895449
Great Smoky Mountains National Park,2009,9,68.07600000000001,,35.6117644,-83.4895449
Great Smoky Mountains National Park,2009,10,58.35272727272727,,35.6117644,-83.4895449
Great Smoky Mountains National Park,2009,11,51.701,,35.6117644,-83.4895449
Great Smoky Mountains National Park,2009,12,37.79899999999999,,35.6117644,-83.4895449
Great Smoky Mountains National Park,2010,1,30.45,,35.6117644,-83.4895449
Great Smoky Mountains National Park,2010,2,29.471000000000004,,35.6117644,-83.4895449
Great Smoky Mountains National Park,2010,3,49.408,,35.6117644,-83.4895449
Great Smoky Mountains National Park,2010,4,63.290000000000006,,35.6117644,-83.4895449
Great Smoky Mountains National Park,2010,5,68.48200000000001,,35.6117644,-83.4895449
Great Smoky Mountains National Park,2010,6,74.759,,35.6117644,-83.4895449
Great Smoky Mountains National Park,2010,7,77.88999999999999,,35.6117644,-83.4895449
Great Smoky Mountains National Park,2010,8,75.568,,35.6117644,-83.4895449
Great Smoky Mountains National Park,2010,9,70.10900000000001,,35.6117644,-83.4895449
Great Smoky Mountains National Park,2010,10,61.548,,35.6117644,-83.4895449
Great Smoky Mountains National Park,2010,11,52.68499999999999,,35.6117644,-83.4895449
Great Smoky Mountains National Park,2010,12,30.17272727272727,,35.6117644,-83.4895449
Great Smoky Mountains National Park,2011,1,32.858000000000004,,35.6117644,-83.4895449
Great Smoky Mountains National Park,2011,2,45.007777777777775,,35.6117644,-83.4895449
Great Smoky Mountains National Park,2011,3,50.50909090909091,,35.6117644,-83.4895449
Great Smoky Mountains National Park,2011,4,64.81899999999999,,35.6117644,-83.4895449
Great Smoky Mountains National Park,2011,5,67.20700000000001,,35.6117644,-83.4895449
Great Smoky Mountains National Park,2011,6,74.109,,35.6117644,-83.4895449
Great Smoky Mountains National Park,2011,7,77.27900000000002,,35.6117644,-83.4895449
Great Smoky Mountains National Park,2011,8,77.41454545454545,,35.6117644,-83.4895449
Great Smoky Mountains National Park,2011,9,65.94300000000001,,35.6117644,-83.4895449
Great Smoky Mountains National Park,2011,10,58.648,,35.6117644,-83.4895449
Great Smoky Mountains National Park,2011,11,48.147,,35.6117644,-83.4895449
Great Smoky Mountains National Park,2011,12,44.729,,35.6117644,-83.4895449
Great Smoky Mountains National Park,2012,1,41.93909090909091,,35.6117644,-83.4895449
Great Smoky Mountains National Park,2012,2,48.01666666666667,,35.6117644,-83.4895449
Great Smoky Mountains National Park,2012,3,58.775454545454544,,35.6117644,-83.4895449
Great Smoky Mountains National Park,2012,4,60.812,,35.6117644,-83.4895449
Great Smoky Mountains National Park,2012,5,67.955,,35.6117644,-83.4895449
Great Smoky Mountains National Park,2012,6,71.66400000000002,,35.6117644,-83.4895449
Great Smoky Mountains National Park,2012,7,75.51899999999998,,35.6117644,-83.4895449
Great Smoky Mountains National Park,2012,8,72.24363636363638,,35.6117644,-83.4895449
Great Smoky Mountains National Park,2012,9,66.242,,35.6117644,-83.4895449
Great Smoky Mountains National Park,2012,10,55.89700000000001,,35.6117644,-83.4895449
Great Smoky Mountains National Park,2012,11,50.754,,35.6117644,-83.4895449
Great Smoky Mountains National Park,2012,12,43.851000000000006,,35.6117644,-83.4895449
Great Smoky Mountains National Park,2013,1,41.25363636363636,,35.6117644,-83.4895449
Great Smoky Mountains National Park,2013,2,44.75888888888889,,35.6117644,-83.4895449
Great Smoky Mountains National Park,2013,3,41.328,,35.6117644,-83.4895449
Great Smoky Mountains National Park,2013,4,57.352,,35.6117644,-83.4895449
Great Smoky Mountains National Park,2013,5,64.34909090909092,,35.6117644,-83.4895449
Great Smoky Mountains National Park,2013,6,71.19,,35.6117644,-83.4895449
Great Smoky Mountains National Park,2013,7,71.72,,35.6117644,-83.4895449
Great Smoky Mountains National Park,2013,8,70.661,,35.6117644,-83.4895449
Great Smoky Mountains National Park,2013,9,67.87100000000001,,35.6117644,-83.4895449
Great Smoky Mountains National Park,2013,10,57.63090909090909,,35.6117644,-83.4895449
Great Smoky Mountains National Park,2013,11,42.981,,35.6117644,-83.4895449
Great Smoky Mountains National Park,2013,12,40.938,,35.6117644,-83.4895449
Great Smoky Mountains National Park,2014,1,37.09000000000001,,35.6117644,-83.4895449
Great Smoky Mountains National Park,2014,2,43.979,,35.6117644,-83.4895449
Great Smoky Mountains National Park,2014,3,49.677,,35.6117644,-83.4895449
Great Smoky Mountains National Park,2014,4,61.982000000000006,,35.6117644,-83.4895449
Great Smoky Mountains National Park,2014,5,68.83300000000001,,35.6117644,-83.4895449
Great Smoky Mountains National Park,2014,6,72.035,,35.6117644,-83.4895449
Great Smoky Mountains National Park,2014,7,70.86,,35.6117644,-83.4895449
Great Smoky Mountains National Park,2014,8,73.017,,35.6117644,-83.4895449
Great Smoky Mountains National Park,2014,9,68.17500000000001,,35.6117644,-83.4895449
Great Smoky Mountains National Park,2014,10,60.92099999999999,,35.6117644,-83.4895449
Great Smoky Mountains National Park,2014,11,43.228,,35.6117644,-83.4895449
Great Smoky Mountains National Park,2014,12,43.80272727272727,,35.6117644,-83.4895449
Great Smoky Mountains National Park,2015,1,35.43400000000001,,35.6117644,-83.4895449
Great Smoky Mountains National Park,2015,2,35.367777777777775,,35.6117644,-83.4895449
Great Smoky Mountains National Park,2015,3,51.88090909090909,,35.6117644,-83.4895449
Great Smoky Mountains National Park,2015,4,59.88600000000001,,35.6117644,-83.4895449
Great Smoky Mountains National Park,2015,5,70.32499999999999,,35.6117644,-83.4895449
Great Smoky Mountains National Park,2015,6,74.26400000000002,,35.6117644,-83.4895449
Great Smoky Mountains National Park,2015,7,73.529,,35.6117644,-83.4895449
Great Smoky Mountains National Park,2015,8,73.88090909090909,,35.6117644,-83.4895449
Great Smoky Mountains National Park,2015,9,69.027,,35.6117644,-83.4895449
Great Smoky Mountains National Park,2015,10,58.92999999999999,,35.6117644,-83.4895449
Great Smoky Mountains National Park,2015,11,52.236,,35.6117644,-83.4895449
Great Smoky Mountains National Park,2015,12,52.98299999999999,,35.6117644,-83.4895449
Great Smoky Mountains National Park,2016,1,36.54545454545455,,35.6117644,-83.4895449
Great Smoky Mountains National Park,2016,2,39.72888888888889,,35.6117644,-83.4895449
Great Smoky Mountains National Park,2016,3,56.459090909090904,,35.6117644,-83.4895449
Great Smoky Mountains National Park,2016,4,61.746,,35.6117644,-83.4895449
Great Smoky Mountains National Park,2016,5,64.62899999999999,,35.6117644,-83.4895449
Great Smoky Mountains National Park,2016,6,75.119,,35.6117644,-83.4895449
Great Smoky Mountains National Park,2016,7,78.47900000000001,,35.6117644,-83.4895449
Great Smoky Mountains National Park,2016,8,76.52727272727272,,35.6117644,-83.4895449
Great Smoky Mountains National Park,2016,9,73.491,,35.6117644,-83.4895449
Great Smoky Mountains National Park,2016,10,64.578,,35.6117644,-83.4895449
Great Smoky Mountains National Park,2016,11,55.20399999999999,,35.6117644,-83.4895449
Great Smoky Mountains National Park,2016,12,41.824,,35.6117644,-83.4895449
Great Smoky Mountains National Park,2017,1,44.51727272727272,,35.6117644,-83.4895449
Great Smoky Mountains National Park,2017,2,47.23555555555554,,35.6117644,-83.4895449
Great Smoky Mountains National Park,2017,3,48.625,,35.6117644,-83.4895449
Great Smoky Mountains National Park,2017,4,64.324,,35.6117644,-83.4895449
Great Smoky Mountains National Park,2017,5,64.7909090909091,,35.6117644,-83.4895449
Great Smoky Mountains National Park,2017,6,70.64099999999998,,35.6117644,-83.4895449
Great Smoky Mountains National Park,2017,7,74.714,,35.6117644,-83.4895449
Great Smoky Mountains National Park,2017,8,73.43500000000002,,35.6117644,-83.4895449
Great Smoky Mountains National Park,2017,9,68.33399999999999,,35.6117644,-83.4895449
Great Smoky Mountains National Park,2017,10,60.54181818181818,,35.6117644,-83.4895449
Great Smoky Mountains National Park,2017,11,51.957,,35.6117644,-83.4895449
Great Smoky Mountains National Park,2017,12,36.233000000000004,,35.6117644,-83.4895449
Great Smoky Mountains National Park,2018,1,32.327,,35.6117644,-83.4895449
Great Smoky Mountains National Park,2018,2,49.371,,35.6117644,-83.4895449
Great Smoky Mountains National Park,2018,3,43.481,,35.6117644,-83.4895449
Great Smoky Mountains National Park,2018,4,54.642,,35.6117644,-83.4895449
Great Smoky Mountains National Park,2018,5,70.90200000000002,,35.6117644,-83.4895449
Great Smoky Mountains National Park,2018,6,73.899,,35.6117644,-83.4895449
Great Smoky Mountains National Park,2018,7,73.19818181818181,,35.6117644,-83.4895449
Great Smoky Mountains National Park,2018,8,73.16,,35.6117644,-83.4895449
Great Smoky Mountains National Park,2018,9,72.166,,35.6117644,-83.4895449
Great Smoky Mountains National Park,2018,10,60.511,,35.6117644,-83.4895449
Great Smoky Mountains National Park,2018,11,48.60999999999999,,35.6117644,-83.4895449
Great Smoky Mountains National Park,2018,12,42.03818181818181,,35.6117644,-83.4895449
Olympic National Park,2009,1,31.89909090909091,,47.8021067,-123.6043524
Olympic National Park,2009,2,32.28111111111111,,47.8021067,-123.6043524
Olympic National Park,2009,3,29.373,,47.8021067,-123.6043524
Olympic National Park,2009,4,38.28,,47.8021067,-123.6043524
Olympic National Park,2009,5,47.27363636363636,,47.8021067,-123.6043524
Olympic National Park,2009,6,54.63200000000001,,47.8021067,-123.6043524
Olympic National Park,2009,7,63.222,,47.8021067,-123.6043524
Olympic National Park,2009,8,58.08200000000001,,47.8021067,-123.6043524
Olympic National Park,2009,9,56.04600000000001,,47.8021067,-123.6043524
Olympic National Park,2009,10,40.86181818181819,,47.8021067,-123.6043524
Olympic National Park,2009,11,33.07,,47.8021067,-123.6043524
Olympic National Park,2009,12,29.166999999999998,,47.8021067,-123.6043524
Olympic National Park,2010,1,34.422999999999995,,47.8021067,-123.6043524
Olympic National Park,2010,2,34.911,,47.8021067,-123.6043524
Olympic National Park,2010,3,37.17,,47.8021067,-123.6043524
Olympic National Park,2010,4,37.538000000000004,,47.8021067,-123.6043524
Olympic National Park,2010,5,41.523,,47.8021067,-123.6043524
Olympic National Park,2010,6,46.693000000000005,,47.8021067,-123.6043524
Olympic National Park,2010,7,57.5590909090909,,47.8021067,-123.6043524
Olympic National Park,2010,8,58.253,,47.8021067,-123.6043524
Olympic National Park,2010,9,50.112,,47.8021067,-123.6043524
Olympic National Park,2010,10,43.669,,47.8021067,-123.6043524
Olympic National Park,2010,11,32.536,,47.8021067,-123.6043524
Olympic National Park,2010,12,29.568181818181817,,47.8021067,-123.6043524
Olympic National Park,2011,1,31.191999999999997,,47.8021067,-123.6043524
Olympic National Park,2011,2,28.63111111111111,,47.8021067,-123.6043524
Olympic National Park,2011,3,31.970909090909085,,47.8021067,-123.6043524
Olympic National Park,2011,4,33.854,,47.8021067,-123.6043524
Olympic National Park,2011,5,39.64399999999999,,47.8021067,-123.6043524
Olympic National Park,2011,6,47.55499999999999,,47.8021067,-123.6043524
Olympic National Park,2011,7,52.332,,47.8021067,-123.6043524
Olympic National Park,2011,8,57.67,,47.8021067,-123.6043524
Olympic National Park,2011,9,56.092,,47.8021067,-123.6043524
Olympic National Park,2011,10,42.07000000000001,,47.8021067,-123.6043524
Olympic National Park,2011,11,31.115,,47.8021067,-123.6043524
Olympic National Park,2011,12,30.852,,47.8021067,-123.6043524
Olympic National Park,2012,1,29.35,,47.8021067,-123.6043524
Olympic National Park,2012,2,33.64444444444445,,47.8021067,-123.6043524
Olympic National Park,2012,3,30.781818181818185,,47.8021067,-123.6043524
Olympic National Park,2012,4,37.75600000000001,,47.8021067,-123.6043524
Olympic National Park,2012,5,44.53099999999999,,47.8021067,-123.6043524
Olympic National Park,2012,6,44.593999999999994,,47.8021067,-123.6043524
Olympic National Park,2012,7,57.843,,47.8021067,-123.6043524
Olympic National Park,2012,8,60.3609090909091,,47.8021067,-123.6043524
Olympic National Park,2012,9,57.068999999999996,,47.8021067,-123.6043524
Olympic National Park,2012,10,43.123999999999995,,47.8021067,-123.6043524
Olympic National Park,2012,11,34.325,,47.8021067,-123.6043524
Olympic National Park,2012,12,28.096999999999998,,47.8021067,-123.6043524
Olympic National Park,2013,1,31.32727272727273,,47.8021067,-123.6043524
Olympic National Park,2013,2,31.866666666666674,,47.8021067,-123.6043524
Olympic National Park,2013,3,34.705999999999996,,47.8021067,-123.6043524
Olympic National Park,2013,4,39.918,,47.8021067,-123.6043524
Olympic National Park,2013,5,46.66636363636363,,47.8021067,-123.6043524
Olympic National Park,2013,6,51.657,,47.8021067,-123.6043524
Olympic National Park,2013,7,60.835,,47.8021067,-123.6043524
Olympic National Park,2013,8,56.27200000000001,,47.8021067,-123.6043524
Olympic National Park,2013,9,53.34599999999999,,47.8021067,-123.6043524
Olympic National Park,2013,10,43.29090909090909,,47.8021067,-123.6043524
Olympic National Park,2013,11,35.092,,47.8021067,-123.6043524
Olympic National Park,2013,12,27.6,,47.8021067,-123.6043524
Olympic National Park,2014,1,35.366,,47.8021067,-123.6043524
Olympic National Park,2014,2,29.221000000000004,,47.8021067,-123.6043524
Olympic National Park,2014,3,37.499,,47.8021067,-123.6043524
Olympic National Park,2014,4,40.782,,47.8021067,-123.6043524
Olympic National Park,2014,5,46.58900000000001,,47.8021067,-123.6043524
Olympic National Park,2014,6,50.98,,47.8021067,-123.6043524
Olympic National Park,2014,7,63.52,,47.8021067,-123.6043524
Olympic National Park,2014,8,60.968,,47.8021067,-123.6043524
Olympic National Park,2014,9,54.84200000000001,,47.8021067,-123.6043524
Olympic National Park,2014,10,44.928000000000004,,47.8021067,-123.6043524
Olympic National Park,2014,11,35.968,,47.8021067,-123.6043524
Olympic National Park,2014,12,31.698181818181826,,47.8021067,-123.6043524
Olympic National Park,2015,1,35.49400000000001,,47.8021067,-123.6043524
Olympic National Park,2015,2,38.963333333333345,,47.8021067,-123.6043524
Olympic National Park,2015,3,39.625454545454545,,47.8021067,-123.6043524
Olympic National Park,2015,4,40.904,,47.8021067,-123.6043524
Olympic National Park,2015,5,51.12900000000001,,47.8021067,-123.6043524
Olympic National Park,2015,6,59.993,,47.8021067,-123.6043524
Olympic National Park,2015,7,61.787000000000006,,47.8021067,-123.6043524
Olympic National Park,2015,8,61.83363636363636,,47.8021067,-123.6043524
Olympic National Park,2015,9,49.49,,47.8021067,-123.6043524
Olympic National Park,2015,10,46.46,,47.8021067,-123.6043524
Olympic National Park,2015,11,33.23100000000001,,47.8021067,-123.6043524
Olympic National Park,2015,12,29.868,,47.8021067,-123.6043524
Olympic National Park,2016,1,31.237272727272725,,47.8021067,-123.6043524
Olympic National Park,2016,2,35.837777777777774,,47.8021067,-123.6043524
Olympic National Park,2016,3,37.54818181818182,,47.8021067,-123.6043524
Olympic National Park,2016,4,46.303,,47.8021067,-123.6043524
Olympic National Park,2016,5,48.076,,47.8021067,-123.6043524
Olympic National Park,2016,6,51.752,,47.8021067,-123.6043524
Olympic National Park,2016,7,54.396,,47.8021067,-123.6043524
Olympic National Park,2016,8,59.67090909090908,,47.8021067,-123.6043524
Olympic National Park,2016,9,50.902,,47.8021067,-123.6043524
Olympic National Park,2016,10,39.804,,47.8021067,-123.6043524
Olympic National Park,2016,11,37.708,,47.8021067,-123.6043524
Olympic National Park,2016,12,25.626000000000005,,47.8021067,-123.6043524
Olympic National Park,2017,1,27.14,,47.8021067,-123.6043524
Olympic National Park,2017,2,29.51,,47.8021067,-123.6043524
Olympic National Park,2017,3,32.488,,47.8021067,-123.6043524
Olympic National Park,2017,4,37.554,,47.8021067,-123.6043524
Olympic National Park,2017,5,48.55818181818182,,47.8021067,-123.6043524
Olympic National Park,2017,6,53.24400000000001,,47.8021067,-123.6043524
Olympic National Park,2017,7,57.773999999999994,,47.8021067,-123.6043524
Olympic National Park,2017,8,64.18299999999999,,47.8021067,-123.6043524
Olympic National Park,2017,9,56.81100000000001,,47.8021067,-123.6043524
Olympic National Park,2017,10,42.26181818181818,,47.8021067,-123.6043524
Olympic National Park,2017,11,31.689,,47.8021067,-123.6043524
Olympic National Park,2017,12,30.614,,47.8021067,-123.6043524
Olympic National Park,2018,1,32.913000000000004,,47.8021067,-123.6043524
Olympic National Park,2018,2,29.086,,47.8021067,-123.6043524
Olympic National Park,2018,3,35.884,,47.8021067,-123.6043524
Olympic National Park,2018,4,39.82899999999999,,47.8021067,-123.6043524
Olympic National Park,2018,5,51.721,,47.8021067,-123.6043524
Olympic National Park,2018,6,48.26899999999999,,47.8021067,-123.6043524
Olympic National Park,2018,7,60.64181818181819,,47.8021067,-123.6043524
Olympic National Park,2018,8,61.53,,47.8021067,-123.6043524
Olympic National Park,2018,9,50.42299999999999,,47.8021067,-123.6043524
Olympic National Park,2018,10,44.64111111111111,,47.8021067,-123.6043524
Olympic National Park,2018,11,37.048,,47.8021067,-123.6043524
Olympic National Park,2018,12,30.65181818181818,,47.8021067,-123.6043524
Rocky Mountain National Park,2009,1,29.85,,40.3427932,-105.68363889999999
Rocky Mountain National Park,2009,2,30.84,,40.3427932,-105.68363889999999
Rocky Mountain National Park,2009,3,39.277,,40.3427932,-105.68363889999999
Rocky Mountain National Park,2009,4,39.327,,40.3427932,-105.68363889999999
Rocky Mountain National Park,2009,5,51.4490909090909,,40.3427932,-105.68363889999999
Rocky Mountain National Park,2009,6,59.22499999999999,,40.3427932,-105.68363889999999
Rocky Mountain National Park,2009,7,64.99300000000001,,40.3427932,-105.68363889999999
Rocky Mountain National Park,2009,8,65.548,,40.3427932,-105.68363889999999
Rocky Mountain National Park,2009,9,59.12900000000001,,40.3427932,-105.68363889999999
Rocky Mountain National Park,2009,10,38.655454545454546,,40.3427932,-105.68363889999999
Rocky Mountain National Park,2009,11,41.56400000000001,,40.3427932,-105.68363889999999
Rocky Mountain National Park,2009,12,18.051,,40.3427932,-105.68363889999999
Rocky Mountain National Park,2010,1,30.253000000000004,,40.3427932,-105.68363889999999
Rocky Mountain National Park,2010,2,24.183000000000003,,40.3427932,-105.68363889999999
Rocky Mountain National Park,2010,3,39.407,,40.3427932,-105.68363889999999
Rocky Mountain National Park,2010,4,39.776,,40.3427932,-105.68363889999999
Rocky Mountain National Park,2010,5,46.89999999999999,,40.3427932,-105.68363889999999
Rocky Mountain National Park,2010,6,65.275,,40.3427932,-105.68363889999999
Rocky Mountain National Park,2010,7,67.8,,40.3427932,-105.68363889999999
Rocky Mountain National Park,2010,8,67.13899999999998,,40.3427932,-105.68363889999999
Rocky Mountain National Park,2010,9,64.889,,40.3427932,-105.68363889999999
Rocky Mountain National Park,2010,10,50.03,,40.3427932,-105.68363889999999
Rocky Mountain National Park,2010,11,32.175,,40.3427932,-105.68363889999999
Rocky Mountain National Park,2010,12,29.62454545454545,,40.3427932,-105.68363889999999
Rocky Mountain National Park,2011,1,27.37,,40.3427932,-105.68363889999999
Rocky Mountain National Park,2011,2,22.572222222222226,,40.3427932,-105.68363889999999
Rocky Mountain National Park,2011,3,37.31636363636364,,40.3427932,-105.68363889999999
Rocky Mountain National Park,2011,4,39.009,,40.3427932,-105.68363889999999
Rocky Mountain National Park,2011,5,44.49300000000001,,40.3427932,-105.68363889999999
Rocky Mountain National Park,2011,6,63.398999999999994,,40.3427932,-105.68363889999999
Rocky Mountain National Park,2011,7,69.176,,40.3427932,-105.68363889999999
Rocky Mountain National Park,2011,8,70.83909090909091,,40.3427932,-105.68363889999999
Rocky Mountain National Park,2011,9,57.463,,40.3427932,-105.68363889999999
Rocky Mountain National Park,2011,10,48.25899999999999,,40.3427932,-105.68363889999999
Rocky Mountain National Park,2011,11,34.312,,40.3427932,-105.68363889999999
Rocky Mountain National Park,2011,12,29.255000000000006,,40.3427932,-105.68363889999999
Rocky Mountain National Park,2012,1,31.41363636363636,,40.3427932,-105.68363889999999
Rocky Mountain National Park,2012,2,27.684444444444452,,40.3427932,-105.68363889999999
Rocky Mountain National Park,2012,3,44.74727272727273,,40.3427932,-105.68363889999999
Rocky Mountain National Park,2012,4,48.608,,40.3427932,-105.68363889999999
Rocky Mountain National Park,2012,5,55.55299999999998,,40.3427932,-105.68363889999999
Rocky Mountain National Park,2012,6,70.23100000000001,,40.3427932,-105.68363889999999
Rocky Mountain National Park,2012,7,70.14199999999998,,40.3427932,-105.68363889999999
Rocky Mountain National Park,2012,8,67.46,,40.3427932,-105.68363889999999
Rocky Mountain National Park,2012,9,60.67199999999999,,40.3427932,-105.68363889999999
Rocky Mountain National Park,2012,10,46.854,,40.3427932,-105.68363889999999
Rocky Mountain National Park,2012,11,39.11699999999999,,40.3427932,-105.68363889999999
Rocky Mountain National Park,2012,12,30.49,,40.3427932,-105.68363889999999
Rocky Mountain National Park,2013,1,30.52,,40.3427932,-105.68363889999999
Rocky Mountain National Park,2013,2,24.375555555555554,,40.3427932,-105.68363889999999
Rocky Mountain National Park,2013,3,36.00599999999999,,40.3427932,-105.68363889999999
Rocky Mountain National Park,2013,4,39.611,,40.3427932,-105.68363889999999
Rocky Mountain National Park,2013,5,51.62636363636364,,40.3427932,-105.68363889999999
Rocky Mountain National Park,2013,6,68.803,,40.3427932,-105.68363889999999
Rocky Mountain National Park,2013,7,69.563,,40.3427932,-105.68363889999999
Rocky Mountain National Park,2013,8,68.193,,40.3427932,-105.68363889999999
Rocky Mountain National Park,2013,9,59.38899999999999,,40.3427932,-105.68363889999999
Rocky Mountain National Park,2013,10,44.22363636363636,,40.3427932,-105.68363889999999
Rocky Mountain National Park,2013,11,38.189,,40.3427932,-105.68363889999999
Rocky Mountain National Park,2013,12,26.666000000000004,,40.3427932,-105.68363889999999
Rocky Mountain National Park,2014,1,26.572000000000006,,40.3427932,-105.68363889999999
Rocky Mountain National Park,2014,2,28.035999999999998,,40.3427932,-105.68363889999999
Rocky Mountain National Park,2014,3,37.627,,40.3427932,-105.68363889999999
Rocky Mountain National Park,2014,4,43.556999999999995,,40.3427932,-105.68363889999999
Rocky Mountain National Park,2014,5,50.905,,40.3427932,-105.68363889999999
Rocky Mountain National Park,2014,6,64.199,,40.3427932,-105.68363889999999
Rocky Mountain National Park,2014,7,68.81272727272727,,40.3427932,-105.68363889999999
Rocky Mountain National Park,2014,8,66.22200000000001,,40.3427932,-105.68363889999999
Rocky Mountain National Park,2014,9,60.23199999999999,,40.3427932,-105.68363889999999
Rocky Mountain National Park,2014,10,53.68599999999999,,40.3427932,-105.68363889999999
Rocky Mountain National Park,2014,11,35.861999999999995,,40.3427932,-105.68363889999999
Rocky Mountain National Park,2014,12,30.62,,40.3427932,-105.68363889999999
Rocky Mountain National Park,2015,1,33.295,,40.3427932,-105.68363889999999
Rocky Mountain National Park,2015,2,32.315555555555555,,40.3427932,-105.68363889999999
Rocky Mountain National Park,2015,3,40.775454545454544,,40.3427932,-105.68363889999999
Rocky Mountain National Park,2015,4,43.31,,40.3427932,-105.68363889999999
Rocky Mountain National Park,2015,5,48.29599999999999,,40.3427932,-105.68363889999999
Rocky Mountain National Park,2015,6,65.619,,40.3427932,-105.68363889999999
Rocky Mountain National Park,2015,7,66.876,,40.3427932,-105.68363889999999
Rocky Mountain National Park,2015,8,67.60181818181819,,40.3427932,-105.68363889999999
Rocky Mountain National Park,2015,9,64.69200000000001,,40.3427932,-105.68363889999999
Rocky Mountain National Park,2015,10,48.515,,40.3427932,-105.68363889999999
Rocky Mountain National Park,2015,11,34.20399999999999,,40.3427932,-105.68363889999999
Rocky Mountain National Park,2015,12,25.502,,40.3427932,-105.68363889999999
Rocky Mountain National Park,2016,1,28.61090909090909,,40.3427932,-105.68363889999999
Rocky Mountain National Park,2016,2,35.85,,40.3427932,-105.68363889999999
Rocky Mountain National Park,2016,3,35.95727272727272,,40.3427932,-105.68363889999999
Rocky Mountain National Park,2016,4,42.40599999999999,,40.3427932,-105.68363889999999
Rocky Mountain National Park,2016,5,53.003,,40.3427932,-105.68363889999999
Rocky Mountain National Park,2016,6,68.37599999999999,,40.3427932,-105.68363889999999
Rocky Mountain National Park,2016,7,70.32000000000001,,40.3427932,-105.68363889999999
Rocky Mountain National Park,2016,8,65.10454545454546,,40.3427932,-105.68363889999999
Rocky Mountain National Park,2016,9,59.496,,40.3427932,-105.68363889999999
Rocky Mountain National Park,2016,10,53.71,,40.3427932,-105.68363889999999
Rocky Mountain National Park,2016,11,41.203,,40.3427932,-105.68363889999999
Rocky Mountain National Park,2016,12,22.561999999999998,,40.3427932,-105.68363889999999
Rocky Mountain National Park,2017,1,27.18636363636364,,40.3427932,-105.68363889999999
Rocky Mountain National Park,2017,2,36.62222222222222,,40.3427932,-105.68363889999999
Rocky Mountain National Park,2017,3,43.84,,40.3427932,-105.68363889999999
Rocky Mountain National Park,2017,4,42.598,,40.3427932,-105.68363889999999
Rocky Mountain National Park,2017,5,50.78181818181818,,40.3427932,-105.68363889999999
Rocky Mountain National Park,2017,6,66.33800000000001,,40.3427932,-105.68363889999999
Rocky Mountain National Park,2017,7,69.90700000000001,,40.3427932,-105.68363889999999
Rocky Mountain National Park,2017,8,66.17099999999999,,40.3427932,-105.68363889999999
Rocky Mountain National Park,2017,9,59.909000000000006,,40.3427932,-105.68363889999999
Rocky Mountain National Park,2017,10,51.11000000000001,,40.3427932,-105.68363889999999
Rocky Mountain National Park,2017,11,41.88600000000001,,40.3427932,-105.68363889999999
Rocky Mountain National Park,2017,12,32.366,,40.3427932,-105.68363889999999
Rocky Mountain National Park,2018,1,32.748999999999995,,40.3427932,-105.68363889999999
Rocky Mountain National Park,2018,2,25.682,,40.3427932,-105.68363889999999
Rocky Mountain National Park,2018,3,39.777,,40.3427932,-105.68363889999999
Rocky Mountain National Park,2018,4,47.022,,40.3427932,-105.68363889999999
Rocky Mountain National Park,2018,5,55.79299999999999,,40.3427932,-105.68363889999999
Rocky Mountain National Park,2018,6,69.59100000000001,,40.3427932,-105.68363889999999
Rocky Mountain National Park,2018,7,72.47272727272728,,40.3427932,-105.68363889999999
Rocky Mountain National Park,2018,8,67.87899999999999,,40.3427932,-105.68363889999999
Rocky Mountain National Park,2018,9,66.001,,40.3427932,-105.68363889999999
Rocky Mountain National Park,2018,10,42.99444444444444,,40.3427932,-105.68363889999999
Rocky Mountain National Park,2018,11,32.995999999999995,,40.3427932,-105.68363889999999
Rocky Mountain National Park,2018,12,24.54545454545455,,40.3427932,-105.68363889999999
Yellowstone National Park,2009,1,26.815454545454546,,44.427963,-110.58845500000001
Yellowstone National Park,2009,2,30.238888888888887,,44.427963,-110.58845500000001
Yellowstone National Park,2009,3,34.7,,44.427963,-110.58845500000001
Yellowstone National Park,2009,4,44.89,,44.427963,-110.58845500000001
Yellowstone National Park,2009,5,53.38,,44.427963,-110.58845500000001
Yellowstone National Park,2009,6,56.935,,44.427963,-110.58845500000001
Yellowstone National Park,2009,7,68.15299999999999,,44.427963,-110.58845500000001
Yellowstone National Park,2009,8,68.21799999999999,,44.427963,-110.58845500000001
Yellowstone National Park,2009,9,67.48899999999999,,44.427963,-110.58845500000001
Yellowstone National Park,2009,10,35.78272727272727,,44.427963,-110.58845500000001
Yellowstone National Park,2009,11,32.760000000000005,,44.427963,-110.58845500000001
Yellowstone National Park,2009,12,16.157,,44.427963,-110.58845500000001
Yellowstone National Park,2010,1,27.279999999999994,,44.427963,-110.58845500000001
Yellowstone National Park,2010,2,28.543000000000003,,44.427963,-110.58845500000001
Yellowstone National Park,2010,3,39.075,,44.427963,-110.58845500000001
Yellowstone National Park,2010,4,41.978,,44.427963,-110.58845500000001
Yellowstone National Park,2010,5,45.851000000000006,,44.427963,-110.58845500000001
Yellowstone National Park,2010,6,56.843,,44.427963,-110.58845500000001
Yellowstone National Park,2010,7,70.44545454545455,,44.427963,-110.58845500000001
Yellowstone National Park,2010,8,67.223,,44.427963,-110.58845500000001
Yellowstone National Park,2010,9,61.602,,44.427963,-110.58845500000001
Yellowstone National Park,2010,10,50.448,,44.427963,-110.58845500000001
Yellowstone National Park,2010,11,28.961,,44.427963,-110.58845500000001
Yellowstone National Park,2010,12,24.55636363636363,,44.427963,-110.58845500000001
Yellowstone National Park,2011,1,23.358,,44.427963,-110.58845500000001
Yellowstone National Park,2011,2,21.172222222222217,,44.427963,-110.58845500000001
Yellowstone National Park,2011,3,33.85545454545454,,44.427963,-110.58845500000001
Yellowstone National Park,2011,4,35.967,,44.427963,-110.58845500000001
Yellowstone National Park,2011,5,44.974,,44.427963,-110.58845500000001
Yellowstone National Park,2011,6,56.81399999999999,,44.427963,-110.58845500000001
Yellowstone National Park,2011,7,70.828,,44.427963,-110.58845500000001
Yellowstone National Park,2011,8,70.83454545454545,,44.427963,-110.58845500000001
Yellowstone National Park,2011,9,66.185,,44.427963,-110.58845500000001
Yellowstone National Park,2011,10,45.583,,44.427963,-110.58845500000001
Yellowstone National Park,2011,11,28.355,,44.427963,-110.58845500000001
Yellowstone National Park,2011,12,23.000000000000004,,44.427963,-110.58845500000001
Yellowstone National Park,2012,1,23.59272727272727,,44.427963,-110.58845500000001
Yellowstone National Park,2012,2,28.17666666666667,,44.427963,-110.58845500000001
Yellowstone National Park,2012,3,39.10272727272728,,44.427963,-110.58845500000001
Yellowstone National Park,2012,4,43.824,,44.427963,-110.58845500000001
Yellowstone National Park,2012,5,51.246,,44.427963,-110.58845500000001
Yellowstone National Park,2012,6,64.839,,44.427963,-110.58845500000001
Yellowstone National Park,2012,7,71.975,,44.427963,-110.58845500000001
Yellowstone National Park,2012,8,72.60909090909091,,44.427963,-110.58845500000001
Yellowstone National Park,2012,9,64.293,,44.427963,-110.58845500000001
Yellowstone National Park,2012,10,42.77,,44.427963,-110.58845500000001
Yellowstone National Park,2012,11,32.808,,44.427963,-110.58845500000001
Yellowstone National Park,2012,12,23.802,,44.427963,-110.58845500000001
Yellowstone National Park,2013,1,21.45,,44.427963,-110.58845500000001
Yellowstone National Park,2013,2,25.13666666666667,,44.427963,-110.58845500000001
Yellowstone National Park,2013,3,34.253,,44.427963,-110.58845500000001
Yellowstone National Park,2013,4,38.751,,44.427963,-110.58845500000001
Yellowstone National Park,2013,5,51.94454545454546,,44.427963,-110.58845500000001
Yellowstone National Park,2013,6,65.221,,44.427963,-110.58845500000001
Yellowstone National Park,2013,7,73.699,,44.427963,-110.58845500000001
Yellowstone National Park,2013,8,73.27899999999998,,44.427963,-110.58845500000001
Yellowstone National Park,2013,9,59.36900000000001,,44.427963,-110.58845500000001
Yellowstone National Park,2013,10,43.2590909090909,,44.427963,-110.58845500000001
Yellowstone National Park,2013,11,31.809,,44.427963,-110.58845500000001
Yellowstone National Park,2013,12,18.393,,44.427963,-110.58845500000001
Yellowstone National Park,2014,1,25.252,,44.427963,-110.58845500000001
Yellowstone National Park,2014,2,22.827,,44.427963,-110.58845500000001
Yellowstone National Park,2014,3,33.195,,44.427963,-110.58845500000001
Yellowstone National Park,2014,4,41.217,,44.427963,-110.58845500000001
Yellowstone National Park,2014,5,53.94200000000001,,44.427963,-110.58845500000001
Yellowstone National Park,2014,6,57.037,,44.427963,-110.58845500000001
Yellowstone National Park,2014,7,71.6381818181818,,44.427963,-110.58845500000001
Yellowstone National Park,2014,8,63.696999999999996,,44.427963,-110.58845500000001
Yellowstone National Park,2014,9,60.68600000000001,,44.427963,-110.58845500000001
Yellowstone National Park,2014,10,50.411,,44.427963,-110.58845500000001
Yellowstone National Park,2014,11,31.448,,44.427963,-110.58845500000001
Yellowstone National Park,2014,12,26.37727272727273,,44.427963,-110.58845500000001
Yellowstone National Park,2015,1,28.818,,44.427963,-110.58845500000001
Yellowstone National Park,2015,2,33.86222222222222,,44.427963,-110.58845500000001
Yellowstone National Park,2015,3,42.55,,44.427963,-110.58845500000001
Yellowstone National Park,2015,4,42.972,,44.427963,-110.58845500000001
Yellowstone National Park,2015,5,51.338999999999984,,44.427963,-110.58845500000001
Yellowstone National Park,2015,6,69.045,,44.427963,-110.58845500000001
Yellowstone National Park,2015,7,66.369,,44.427963,-110.58845500000001
Yellowstone National Park,2015,8,70.0190909090909,,44.427963,-110.58845500000001
Yellowstone National Park,2015,9,61.41,,44.427963,-110.58845500000001
Yellowstone National Park,2015,10,50.109,,44.427963,-110.58845500000001
Yellowstone National Park,2015,11,27.543000000000003,,44.427963,-110.58845500000001
Yellowstone National Park,2015,12,20.816999999999997,,44.427963,-110.58845500000001
Yellowstone National Park,2016,1,25.69272727272728,,44.427963,-110.58845500000001
Yellowstone National Park,2016,2,32.03111111111111,,44.427963,-110.58845500000001
Yellowstone National Park,2016,3,35.13545454545454,,44.427963,-110.58845500000001
Yellowstone National Park,2016,4,46.531000000000006,,44.427963,-110.58845500000001
Yellowstone National Park,2016,5,51.537,,44.427963,-110.58845500000001
Yellowstone National Park,2016,6,68.836,,44.427963,-110.58845500000001
Yellowstone National Park,2016,7,70.28200000000001,,44.427963,-110.58845500000001
Yellowstone National Park,2016,8,70.63545454545455,,44.427963,-110.58845500000001
Yellowstone National Park,2016,9,55.25899999999999,,44.427963,-110.58845500000001
Yellowstone National Park,2016,10,43.751000000000005,,44.427963,-110.58845500000001
Yellowstone National Park,2016,11,39.42,,44.427963,-110.58845500000001
Yellowstone National Park,2016,12,15.325,,44.427963,-110.58845500000001
Yellowstone National Park,2017,1,18.183636363636364,,44.427963,-110.58845500000001
Yellowstone National Park,2017,2,29.991111111111113,,44.427963,-110.58845500000001
Yellowstone National Park,2017,3,38.00400000000001,,44.427963,-110.58845500000001
Yellowstone National Park,2017,4,42.946000000000005,,44.427963,-110.58845500000001
Yellowstone National Park,2017,5,52.70272727272727,,44.427963,-110.58845500000001
Yellowstone National Park,2017,6,62.111999999999995,,44.427963,-110.58845500000001
Yellowstone National Park,2017,7,74.38,,44.427963,-110.58845500000001
Yellowstone National Park,2017,8,69.315,,44.427963,-110.58845500000001
Yellowstone National Park,2017,9,55.993,,44.427963,-110.58845500000001
Yellowstone National Park,2017,10,44.58090909090909,,44.427963,-110.58845500000001
Yellowstone National Park,2017,11,31.498,,44.427963,-110.58845500000001
Yellowstone National Park,2017,12,24.507,,44.427963,-110.58845500000001
Yellowstone National Park,2018,1,26.78,,44.427963,-110.58845500000001
Yellowstone National Park,2018,2,21.307,,44.427963,-110.58845500000001
Yellowstone National Park,2018,3,32.326,,44.427963,-110.58845500000001
Yellowstone National Park,2018,4,40.243,,44.427963,-110.58845500000001
Yellowstone National Park,2018,5,54.398,,44.427963,-110.58845500000001
Yellowstone National Park,2018,6,59.992,,44.427963,-110.58845500000001
Yellowstone National Park,2018,7,73.64818181818181,,44.427963,-110.58845500000001
Yellowstone National Park,2018,8,69.03300000000002,,44.427963,-110.58845500000001
Yellowstone National Park,2018,9,62.75000000000002,,44.427963,-110.58845500000001
Yellowstone National Park,2018,10,45.040000000000006,,44.427963,-110.58845500000001
Yellowstone National Park,2018,11,29.704999999999995,,44.427963,-110.58845500000001
Yellowstone National Park,2018,12,21.31090909090909,,44.427963,-110.58845500000001
Yosemite National Park,2009,1,42.03545454545454,,37.8651011,-119.5383294
Yosemite National Park,2009,2,34.846666666666664,,37.8651011,-119.5383294
Yosemite National Park,2009,3,40.60699999999999,,37.8651011,-119.5383294
Yosemite National Park,2009,4,46.93899999999999,,37.8651011,-119.5383294
Yosemite National Park,2009,5,57.91000000000001,,37.8651011,-119.5383294
Yosemite National Park,2009,6,57.293000000000006,,37.8651011,-119.5383294
Yosemite National Park,2009,7,71.264,,37.8651011,-119.5383294
Yosemite National Park,2009,8,68.214,,37.8651011,-119.5383294
Yosemite National Park,2009,9,69.196,,37.8651011,-119.5383294
Yosemite National Park,2009,10,48.21727272727273,,37.8651011,-119.5383294
Yosemite National Park,2009,11,43.977,,37.8651011,-119.5383294
Yosemite National Park,2009,12,33.431999999999995,,37.8651011,-119.5383294
Yosemite National Park,2010,1,37.333,,37.8651011,-119.5383294
Yosemite National Park,2010,2,38.847,,37.8651011,-119.5383294
Yosemite National Park,2010,3,40.08900000000001,,37.8651011,-119.5383294
Yosemite National Park,2010,4,41.14200000000001,,37.8651011,-119.5383294
Yosemite National Park,2010,5,45.66,,37.8651011,-119.5383294
Yosemite National Park,2010,6,59.502,,37.8651011,-119.5383294
Yosemite National Park,2010,7,70.57363636363638,,37.8651011,-119.5383294
Yosemite National Park,2010,8,68.303,,37.8651011,-119.5383294
Yosemite National Park,2010,9,66.52199999999999,,37.8651011,-119.5383294
Yosemite National Park,2010,10,50.922,,37.8651011,-119.5383294
Yosemite National Park,2010,11,40.268,,37.8651011,-119.5383294
Yosemite National Park,2010,12,36.56727272727272,,37.8651011,-119.5383294
Yosemite National Park,2011,1,41.50299999999999,,37.8651011,-119.5383294
Yosemite National Park,2011,2,32.06777777777777,,37.8651011,-119.5383294
Yosemite National Park,2011,3,38.49818181818182,,37.8651011,-119.5383294
Yosemite National Park,2011,4,44.26,,37.8651011,-119.5383294
Yosemite National Park,2011,5,46.68,,37.8651011,-119.5383294
Yosemite National Park,2011,6,58.151,,37.8651011,-119.5383294
Yosemite National Park,2011,7,68.843,,37.8651011,-119.5383294
Yosemite National Park,2011,8,69.99636363636365,,37.8651011,-119.5383294
Yosemite National Park,2011,9,66.18299999999999,,37.8651011,-119.5383294
Yosemite National Park,2011,10,55.538999999999994,,37.8651011,-119.5383294
Yosemite National Park,2011,11,42.077,,37.8651011,-119.5383294
Yosemite National Park,2011,12,39.61900000000001,,37.8651011,-119.5383294
Yosemite National Park,2012,1,42.9209090909091,,37.8651011,-119.5383294
Yosemite National Park,2012,2,39.106666666666655,,37.8651011,-119.5383294
Yosemite National Park,2012,3,37.57545454545455,,37.8651011,-119.5383294
Yosemite National Park,2012,4,50.676,,37.8651011,-119.5383294
Yosemite National Park,2012,5,57.852,,37.8651011,-119.5383294
Yosemite National Park,2012,6,63.077,,37.8651011,-119.5383294
Yosemite National Park,2012,7,70.498,,37.8651011,-119.5383294
Yosemite National Park,2012,8,73.0109090909091,,37.8651011,-119.5383294
Yosemite National Park,2012,9,69.388,,37.8651011,-119.5383294
Yosemite National Park,2012,10,55.34,,37.8651011,-119.5383294
Yosemite National Park,2012,11,45.211999999999996,,37.8651011,-119.5383294
Yosemite National Park,2012,12,31.468000000000004,,37.8651011,-119.5383294
Yosemite National Park,2013,1,36.972727272727276,,37.8651011,-119.5383294
Yosemite National Park,2013,2,40.29,,37.8651011,-119.5383294
Yosemite National Park,2013,3,46.68,,37.8651011,-119.5383294
Yosemite National Park,2013,4,50.065,,37.8651011,-119.5383294
Yosemite National Park,2013,5,54.62,,37.8651011,-119.5383294
Yosemite National Park,2013,6,66.70700000000001,,37.8651011,-119.5383294
Yosemite National Park,2013,7,73.49000000000002,,37.8651011,-119.5383294
Yosemite National Park,2013,8,70.042,,37.8651011,-119.5383294
Yosemite National Park,2013,9,63.867,,37.8651011,-119.5383294
Yosemite National Park,2013,10,52.222727272727276,,37.8651011,-119.5383294
Yosemite National Park,2013,11,45.307,,37.8651011,-119.5383294
Yosemite National Park,2013,12,42.205,,37.8651011,-119.5383294
Yosemite National Park,2014,1,46.026,,37.8651011,-119.5383294
Yosemite National Park,2014,2,40.083,,37.8651011,-119.5383294
Yosemite National Park,2014,3,44.347,,37.8651011,-119.5383294
Yosemite National Park,2014,4,50.617,,37.8651011,-119.5383294
Yosemite National Park,2014,5,55.174,,37.8651011,-119.5383294
Yosemite National Park,2014,6,65.779,,37.8651011,-119.5383294
Yosemite National Park,2014,7,71.78181818181817,,37.8651011,-119.5383294
Yosemite National Park,2014,8,68.283,,37.8651011,-119.5383294
Yosemite National Park,2014,9,65.93299999999999,,37.8651011,-119.5383294
Yosemite National Park,2014,10,60.56800000000001,,37.8651011,-119.5383294
Yosemite National Park,2014,11,46.06700000000001,,37.8651011,-119.5383294
Yosemite National Park,2014,12,36.35,,37.8651011,-119.5383294
Yosemite National Park,2015,1,44.276,,37.8651011,-119.5383294
Yosemite National Park,2015,2,47.63555555555556,,37.8651011,-119.5383294
Yosemite National Park,2015,3,50.44636363636364,,37.8651011,-119.5383294
Yosemite National Park,2015,4,49.956,,37.8651011,-119.5383294
Yosemite National Park,2015,5,49.986000000000004,,37.8651011,-119.5383294
Yosemite National Park,2015,6,68.899,,37.8651011,-119.5383294
Yosemite National Park,2015,7,67.35800000000002,,37.8651011,-119.5383294
Yosemite National Park,2015,8,71.70909090909089,,37.8651011,-119.5383294
Yosemite National Park,2015,9,66.42999999999999,,37.8651011,-119.5383294
Yosemite National Park,2015,10,57.104,,37.8651011,-119.5383294
Yosemite National Park,2015,11,39.858000000000004,,37.8651011,-119.5383294
Yosemite National Park,2015,12,32.709,,37.8651011,-119.5383294
Yosemite National Park,2016,1,31.982727272727274,,37.8651011,-119.5383294
Yosemite National Park,2016,2,47.31,,37.8651011,-119.5383294
Yosemite National Park,2016,3,42.5309090909091,,37.8651011,-119.5383294
Yosemite National Park,2016,4,48.75400000000001,,37.8651011,-119.5383294
Yosemite National Park,2016,5,52.89,,37.8651011,-119.5383294
Yosemite National Park,2016,6,67.36499999999998,,37.8651011,-119.5383294
Yosemite National Park,2016,7,73.40299999999998,,37.8651011,-119.5383294
Yosemite National Park,2016,8,72.70636363636362,,37.8651011,-119.5383294
Yosemite National Park,2016,9,64.482,,37.8651011,-119.5383294
Yosemite National Park,2016,10,50.24,,37.8651011,-119.5383294
Yosemite National Park,2016,11,45.65,,37.8651011,-119.5383294
Yosemite National Park,2016,12,36.711999999999996,,37.8651011,-119.5383294
Yosemite National Park,2017,1,31.67636363636364,,37.8651011,-119.5383294
Yosemite National Park,2017,2,33.53,,37.8651011,-119.5383294
Yosemite National Park,2017,3,46.638000000000005,,37.8651011,-119.5383294
Yosemite National Park,2017,4,45.518,,37.8651011,-119.5383294
Yosemite National Park,2017,5,54.92454545454545,,37.8651011,-119.5383294
Yosemite National Park,2017,6,66.523,,37.8651011,-119.5383294
Yosemite National Park,2017,7,73.869,,37.8651011,-119.5383294
Yosemite National Park,2017,8,71.691,,37.8651011,-119.5383294
Yosemite National Park,2017,9,61.992,,37.8651011,-119.5383294
Yosemite National Park,2017,10,60.33454545454545,,37.8651011,-119.5383294
Yosemite National Park,2017,11,45.02200000000001,,37.8651011,-119.5383294
Yosemite National Park,2017,12,45.45399999999999,,37.8651011,-119.5383294
Yosemite National Park,2018,1,42.846,,37.8651011,-119.5383294
Yosemite National Park,2018,2,39.040000000000006,,37.8651011,-119.5383294
Yosemite National Park,2018,3,38.917,,37.8651011,-119.5383294
Yosemite National Park,2018,4,50.977,,37.8651011,-119.5383294
Yosemite National Park,2018,5,55.361999999999995,,37.8651011,-119.5383294
Yosemite National Park,2018,6,67.988,,37.8651011,-119.5383294
Yosemite National Park,2018,7,75.75363636363637,,37.8651011,-119.5383294
Yosemite National Park,2018,8,73.008,,37.8651011,-119.5383294
Yosemite National Park,2018,9,68.57999999999998,,37.8651011,-119.5383294
Yosemite National Park,2018,10,54.992222222222225,,37.8651011,-119.5383294
Yosemite National Park,2018,11,48.72700000000001,,37.8651011,-119.5383294
Yosemite National Park,2018,12,36.05363636363636,,37.8651011,-119.5383294
Zion National Park,2009,1,45.03636363636363,,37.298202200000006,-113.02630049999999
Zion National Park,2009,2,42.64111111111111,,37.298202200000006,-113.02630049999999
Zion National Park,2009,3,51.79699999999999,,37.298202200000006,-113.02630049999999
Zion National Park,2009,4,54.513000000000005,,37.298202200000006,-113.02630049999999
Zion National Park,2009,5,70.38363636363638,,37.298202200000006,-113.02630049999999
Zion National Park,2009,6,72.554,,37.298202200000006,-113.02630049999999
Zion National Park,2009,7,84.24799999999999,,37.298202200000006,-113.02630049999999
Zion National Park,2009,8,81.74199999999998,,37.298202200000006,-113.02630049999999
Zion National Park,2009,9,76.65599999999998,,37.298202200000006,-113.02630049999999
Zion National Park,2009,10,56.89818181818182,,37.298202200000006,-113.02630049999999
Zion National Park,2009,11,53.417,,37.298202200000006,-113.02630049999999
Zion National Park,2009,12,35.236999999999995,,37.298202200000006,-113.02630049999999
Zion National Park,2010,1,42.843999999999994,,37.298202200000006,-113.02630049999999
Zion National Park,2010,2,41.91700000000001,,37.298202200000006,-113.02630049999999
Zion National Park,2010,3,50.805,,37.298202200000006,-113.02630049999999
Zion National Park,2010,4,54.75,,37.298202200000006,-113.02630049999999
Zion National Park,2010,5,59.148999999999994,,37.298202200000006,-113.02630049999999
Zion National Park,2010,6,76.91,,37.298202200000006,-113.02630049999999
Zion National Park,2010,7,84.23363636363636,,37.298202200000006,-113.02630049999999
Zion National Park,2010,8,81.572,,37.298202200000006,-113.02630049999999
Zion National Park,2010,9,80.14899999999999,,37.298202200000006,-113.02630049999999
Zion National Park,2010,10,61.372,,37.298202200000006,-113.02630049999999
Zion National Park,2010,11,46.72,,37.298202200000006,-113.02630049999999
Zion National Park,2010,12,43.73454545454546,,37.298202200000006,-113.02630049999999
Zion National Park,2011,1,43.786,,37.298202200000006,-113.02630049999999
Zion National Park,2011,2,38.1,,37.298202200000006,-113.02630049999999
Zion National Park,2011,3,50.01090909090909,,37.298202200000006,-113.02630049999999
Zion National Park,2011,4,51.349,,37.298202200000006,-113.02630049999999
Zion National Park,2011,5,60.641000000000005,,37.298202200000006,-113.02630049999999
Zion National Park,2011,6,75.92399999999999,,37.298202200000006,-113.02630049999999
Zion National Park,2011,7,81.92800000000003,,37.298202200000006,-113.02630049999999
Zion National Park,2011,8,85.51181818181819,,37.298202200000006,-113.02630049999999
Zion National Park,2011,9,76.38399999999999,,37.298202200000006,-113.02630049999999
Zion National Park,2011,10,63.052,,37.298202200000006,-113.02630049999999
Zion National Park,2011,11,47.422,,37.298202200000006,-113.02630049999999
Zion National Park,2011,12,39.70500000000001,,37.298202200000006,-113.02630049999999
Zion National Park,2012,1,45.80272727272728,,37.298202200000006,-113.02630049999999
Zion National Park,2012,2,42.82,,37.298202200000006,-113.02630049999999
Zion National Park,2012,3,53.21909090909091,,37.298202200000006,-113.02630049999999
Zion National Park,2012,4,61.355,,37.298202200000006,-113.02630049999999
Zion National Park,2012,5,72.06199999999998,,37.298202200000006,-113.02630049999999
Zion National Park,2012,6,82.58800000000002,,37.298202200000006,-113.02630049999999
Zion National Park,2012,7,83.08099999999997,,37.298202200000006,-113.02630049999999
Zion National Park,2012,8,82.19454545454545,,37.298202200000006,-113.02630049999999
Zion National Park,2012,9,77.45,,37.298202200000006,-113.02630049999999
Zion National Park,2012,10,63.398999999999994,,37.298202200000006,-113.02630049999999
Zion National Park,2012,11,54.387,,37.298202200000006,-113.02630049999999
Zion National Park,2012,12,40.511,,37.298202200000006,-113.02630049999999
Zion National Park,2013,1,38.09090909090909,,37.298202200000006,-113.02630049999999
Zion National Park,2013,2,39.53333333333333,,37.298202200000006,-113.02630049999999
Zion National Park,2013,3,55.054,,37.298202200000006,-113.02630049999999
Zion National Park,2013,4,59.84,,37.298202200000006,-113.02630049999999
Zion National Park,2013,5,67.69000000000001,,37.298202200000006,-113.02630049999999
Zion National Park,2013,6,84.822,,37.298202200000006,-113.02630049999999
Zion National Park,2013,7,84.17299999999999,,37.298202200000006,-113.02630049999999
Zion National Park,2013,8,81.25699999999998,,37.298202200000006,-113.02630049999999
Zion National Park,2013,9,70.191,,37.298202200000006,-113.02630049999999
Zion National Park,2013,10,57.57454545454545,,37.298202200000006,-113.02630049999999
Zion National Park,2013,11,51.594,,37.298202200000006,-113.02630049999999
Zion National Park,2013,12,40.964,,37.298202200000006,-113.02630049999999
Zion National Park,2014,1,48.983999999999995,,37.298202200000006,-113.02630049999999
Zion National Park,2014,2,47.62300000000001,,37.298202200000006,-113.02630049999999
Zion National Park,2014,3,52.718,,37.298202200000006,-113.02630049999999
Zion National Park,2014,4,57.047,,37.298202200000006,-113.02630049999999
Zion National Park,2014,5,67.26700000000001,,37.298202200000006,-113.02630049999999
Zion National Park,2014,6,80.725,,37.298202200000006,-113.02630049999999
Zion National Park,2014,7,83.98363636363636,,37.298202200000006,-113.02630049999999
Zion National Park,2014,8,76.638,,37.298202200000006,-113.02630049999999
Zion National Park,2014,9,76.07600000000001,,37.298202200000006,-113.02630049999999
Zion National Park,2014,10,67.456,,37.298202200000006,-113.02630049999999
Zion National Park,2014,11,52.05,,37.298202200000006,-113.02630049999999
Zion National Park,2014,12,41.82727272727273,,37.298202200000006,-113.02630049999999
Zion National Park,2015,1,46.458999999999996,,37.298202200000006,-113.02630049999999
Zion National Park,2015,2,52.63,,37.298202200000006,-113.02630049999999
Zion National Park,2015,3,57.29181818181817,,37.298202200000006,-113.02630049999999
Zion National Park,2015,4,59.266000000000005,,37.298202200000006,-113.02630049999999
Zion National Park,2015,5,61.078,,37.298202200000006,-113.02630049999999
Zion National Park,2015,6,81.725,,37.298202200000006,-113.02630049999999
Zion National Park,2015,7,80.11600000000001,,37.298202200000006,-113.02630049999999
Zion National Park,2015,8,81.63090909090909,,37.298202200000006,-113.02630049999999
Zion National Park,2015,9,77.905,,37.298202200000006,-113.02630049999999
Zion National Park,2015,10,63.574,,37.298202200000006,-113.02630049999999
Zion National Park,2015,11,46.556999999999995,,37.298202200000006,-113.02630049999999
Zion National Park,2015,12,37.61800000000001,,37.298202200000006,-113.02630049999999
Zion National Park,2016,1,39.77181818181818,,37.298202200000006,-113.02630049999999
Zion National Park,2016,2,52.24555555555556,,37.298202200000006,-113.02630049999999
Zion National Park,2016,3,54.51636363636363,,37.298202200000006,-113.02630049999999
Zion National Park,2016,4,56.66799999999999,,37.298202200000006,-113.02630049999999
Zion National Park,2016,5,64.77600000000001,,37.298202200000006,-113.02630049999999
Zion National Park,2016,6,84.21000000000002,,37.298202200000006,-113.02630049999999
Zion National Park,2016,7,85.49999999999999,,37.298202200000006,-113.02630049999999
Zion National Park,2016,8,77.82545454545453,,37.298202200000006,-113.02630049999999
Zion National Park,2016,9,71.92599999999999,,37.298202200000006,-113.02630049999999
Zion National Park,2016,10,64.92099999999999,,37.298202200000006,-113.02630049999999
Zion National Park,2016,11,54.268,,37.298202200000006,-113.02630049999999
Zion National Park,2016,12,40.819,,37.298202200000006,-113.02630049999999
Zion National Park,2017,1,37.9690909090909,,37.298202200000006,-113.02630049999999
Zion National Park,2017,2,45.50555555555556,,37.298202200000006,-113.02630049999999
Zion National Park,2017,3,58.74499999999999,,37.298202200000006,-113.02630049999999
Zion National Park,2017,4,57.193000000000005,,37.298202200000006,-113.02630049999999
Zion National Park,2017,5,66.78454545454545,,37.298202200000006,-113.02630049999999
Zion National Park,2017,6,83.309,,37.298202200000006,-113.02630049999999
Zion National Park,2017,7,85.52099999999999,,37.298202200000006,-113.02630049999999
Zion National Park,2017,8,82.09299999999999,,37.298202200000006,-113.02630049999999
Zion National Park,2017,9,72.595,,37.298202200000006,-113.02630049999999
Zion National Park,2017,10,66.89181818181817,,37.298202200000006,-113.02630049999999
Zion National Park,2017,11,57.50500000000001,,37.298202200000006,-113.02630049999999
Zion National Park,2017,12,48.038000000000004,,37.298202200000006,-113.02630049999999
Zion National Park,2018,1,46.54600000000001,,37.298202200000006,-113.02630049999999
Zion National Park,2018,2,44.132,,37.298202200000006,-113.02630049999999
Zion National Park,2018,3,50.60699999999999,,37.298202200000006,-113.02630049999999
Zion National Park,2018,4,62.51800000000001,,37.298202200000006,-113.02630049999999
Zion National Park,2018,5,69.571,,37.298202200000006,-113.02630049999999
Zion National Park,2018,6,82.37300000000002,,37.298202200000006,-113.02630049999999
Zion National Park,2018,7,86.08363636363634,,37.298202200000006,-113.02630049999999
Zion National Park,2018,8,82.84,,37.298202200000006,-113.02630049999999
Zion National Park,2018,9,78.09400000000002,,37.298202200000006,-113.02630049999999
Zion National Park,2018,10,56.22111111111111,,37.298202200000006,-113.02630049999999
Zion National Park,2018,11,50.36899999999999,,37.298202200000006,-113.02630049999999
Zion National Park,2018,12,39.346363636363634,,37.298202200000006,-113.02630049999999
